version 1
nodes
0 "AllRoot" -1
1 "skl_root" 0
2 "hip1" 1
3 "hip2" 2
4 "leg_l1" 3
5 "leg_l2" 4
6 "ankle_l" 5
7 "foot_l" 6
8 "knee_l" 5
9 "leg_r1" 3
10 "leg_r2" 9
11 "ankle_r" 10
12 "foot_r" 11
13 "knee_r" 10
14 "tail_1" 3
15 "tail_2" 14
16 "tail_3" 15
17 "tail_4" 16
18 "tail_5" 17
19 "spine1" 1
20 "spine2" 19
21 "chest" 20
22 "neck" 21
23 "collar" 22
24 "face" 22
25 "lip" 24
26 "mouth" 24
27 "tongue_1" 26
28 "tongue_2" 27
29 "tongue_3" 28
30 "tongue_4" 29
31 "mouth_l" 24
32 "mouth_r" 24
33 "sholder_l" 21
34 "arm_l1" 33
35 "arm_l2" 34
36 "wrist_l" 35
37 "hand_l" 36
38 "sholder_r" 21
39 "arm_r1" 38
40 "arm_r2" 39
41 "wrist_r" 40
42 "hand_r" 41
end
skeleton
time 0
0 0 -84.14954 -0.04835034 0 0 0
1 0 0 -25.42013 -1.570796 -0.05868836 1.570796
2 -0.9664395 0 0 0 0 2.741616
3 13.09551 4.900476 0 0 0 0
4 -3.737144 24.75081 -37.464 0.1131145 0.5399963 2.502349
5 18.19704 -4.701087E-05 0 2.885457E-08 2.081958E-08 -1.646051
6 27.2952 -0.0001901909 0 1.062861E-07 4.688796E-08 1.484229
7 11.50685 3.721203E-05 0 1.744303E-07 9.767869E-08 0.6816818
8 0 0 0 5.415911E-08 -4.879357E-08 -0.6944906
9 -3.737144 24.75081 37.464 2.786277E-08 0.6008786 -0.9041769
10 -18.19704 4.702087E-05 0 3.232829E-08 2.332598E-08 -1.646051
11 -27.2952 0.0001902305 0 1.149337E-07 4.903581E-08 1.484229
12 -11.50685 -3.721107E-05 0 1.700898E-07 1.006912E-07 0.6816818
13 0 0 0 -2.709918E-08 -4.684839E-08 -0.6944906
14 12.88968 -17.59745 0 -3.141593 0 0
15 4.812697 0 0 0 0 -0.00695202
16 9.673795 0 0 0 0 -0.00695202
17 12.01248 0 0 0 0 -0.00695202
18 11.89191 0 0 0 -1.570451 0
19 0.9499357 0 0 0 0 0
20 21.44688 0 0 0 0 0.319961
21 27.2552 0 0 0 0 0
22 17.80445 10.85627 0 0 0 -0.1559638
23 -2.51837 -7.530342 0 1.570796 0 1.651491
24 8.256622 0.633341 0 0 0 0
25 103.3853 -29.89403 0 0 0 -0.3162964
26 43.83523 -12.40405 0 0 0 -1.325413
27 -16.4158 -41.94849 0 0 0 0.5673603
28 21.30272 0 0 0 0 0.1734579
29 17.62354 -0.02214819 0 0 0 -0.08564638
30 14.86595 0.04589471 0 0 0 -0.08564638
31 5.81367 -1.631575 -12.01451 -0.3149784 1.064137 -0.2563565
32 5.813787 -1.631573 12.01452 -0.3149785 1.064137 2.885236
33 5.6196 -12.042 -21.408 0 0 -2.114541
34 8.261183 5.11185 -16.13516 0 0 0.6851054
35 21.93254 -15.24135 0 0 0 0.1413609
36 26.77264 3.805277E-06 0 0 0 0
37 5.319719 6.905714E-06 0 0 0 1.086309
38 5.619708 -12.04187 21.408 0 0 1.027052
39 -8.261324 -5.111802 16.13521 0 0 1.008198
40 -21.9325 15.24135 0 0 0 0.4644537
41 -26.77271 -1.505669E-05 0 0 0 0
42 -5.319727 4.362404E-06 0 0 0 1.086309
time 1
0 0 -14.20549 -1.207365 0.008978669 0 0
1 0 0 -25.42013 -1.570796 -0.05868836 1.570796
2 -0.9664395 0 0 0 0 2.741761
3 13.09551 4.900476 0 0 0 0
4 -3.737144 24.75081 -37.464 0.1131145 0.5399963 2.502349
5 18.19704 -4.701087E-05 0 2.885457E-08 2.081958E-08 -1.64555
6 27.2952 -0.0001901909 0 1.062861E-07 4.688796E-08 1.484229
7 11.50685 3.721203E-05 0 1.744303E-07 9.767869E-08 0.6816818
8 0 0 0 5.415911E-08 -4.879357E-08 -0.6944906
9 -3.737144 24.75081 37.464 2.786277E-08 0.6008786 -0.9041769
10 -18.19704 4.702087E-05 0 3.23283E-08 2.332598E-08 -1.64555
11 -27.2952 0.0001902305 0 1.149337E-07 4.903581E-08 1.484229
12 -11.50685 -3.721107E-05 0 1.700898E-07 1.006912E-07 0.6816818
13 0 0 0 -2.709918E-08 -4.684839E-08 -0.6944906
14 12.88968 -17.59745 0 -3.141593 0 0
15 4.812697 0 0 0 0 -0.03071785
16 9.673795 0 0 0 0 -0.03071785
17 12.01248 0 0 0 0 -0.03071785
18 11.89191 0 0 0 -1.570451 0
19 0.9499357 0 0 0 0 0
20 21.44688 0 0 0 0 0.3194044
21 27.2552 0 0 0 0 0
22 17.80445 10.85627 0 0 0 -0.1559623
23 -2.51837 -7.530342 0 1.570796 0 1.651491
24 8.256622 0.633341 0 0 0 -3.412963E-06
25 103.3853 -29.89403 0 0 0 -0.3162964
26 43.83523 -12.40405 0 0 0 -1.321313
27 -16.4158 -41.94849 0 0 0 0.5673603
28 21.30272 0 0 0 0 0.1734613
29 17.62354 -0.02214819 0 0 0 -0.08564301
30 14.86595 0.04589471 0 0 0 -0.08658794
31 5.81367 -1.631575 -12.01451 -0.3149784 1.064137 -0.2563565
32 5.813787 -1.631573 12.01452 -0.3149785 1.064137 2.885236
33 5.6196 -12.042 -21.408 0 0 -2.114541
34 8.261183 5.11185 -16.13516 0 0 0.7156342
35 21.93254 -15.24135 0 0 0 0.1718851
36 26.77264 3.805277E-06 0 0 0 0
37 5.319719 6.905714E-06 0 0 0 1.086309
38 5.619708 -12.04187 21.408 0 0 1.027052
39 -8.261324 -5.111802 16.13521 0 0 1.018953
40 -21.9325 15.24135 0 0 0 0.4752233
41 -26.77271 -1.505669E-05 0 0 0 0
42 -5.319727 4.362404E-06 0 0 0 1.086309
time 2
0 0 21.28091 -4.252908 0.01872379 0 0
1 0 0 -25.42013 -1.570796 -0.05868836 1.570796
2 -0.9664395 0 0 0 0 2.742224
3 13.09551 4.900476 0 0 0 0
4 -3.737144 24.75081 -37.464 0.1131145 0.5399963 2.502349
5 18.19704 -4.701087E-05 0 2.885457E-08 2.081958E-08 -1.644208
6 27.2952 -0.0001901909 0 1.062861E-07 4.688796E-08 1.484229
7 11.50685 3.721203E-05 0 1.744303E-07 9.767869E-08 0.6816818
8 0 0 0 5.415911E-08 -4.879357E-08 -0.6944906
9 -3.737144 24.75081 37.464 2.786277E-08 0.6008786 -0.9041769
10 -18.19704 4.702087E-05 0 3.232829E-08 2.332598E-08 -1.644207
11 -27.2952 0.0001902305 0 1.149337E-07 4.903581E-08 1.484229
12 -11.50685 -3.721107E-05 0 1.700898E-07 1.006912E-07 0.6816818
13 0 0 0 -2.709918E-08 -4.684839E-08 -0.6944906
14 12.88968 -17.59745 0 -3.141593 0 0
15 4.812697 0 0 0 0 -0.05447969
16 9.673795 0 0 0 0 -0.05447969
17 12.01248 0 0 0 0 -0.05447969
18 11.89191 0 0 0 -1.570451 0
19 0.9499357 0 0 0 0 0
20 21.44688 0 0 0 0 0.3178953
21 27.2552 0 0 0 0 0
22 17.80445 10.85627 0 0 0 -0.1559623
23 -2.51837 -7.530342 0 1.570796 0 1.651491
24 8.256622 0.633341 0 0 0 -3.412963E-06
25 103.3853 -29.89403 0 0 0 -0.3162964
26 43.83523 -12.40405 0 0 0 -1.310495
27 -16.4158 -41.94849 0 0 0 0.5673603
28 21.30272 0 0 0 0 0.1734613
29 17.62354 -0.02214819 0 0 0 -0.08564301
30 14.86595 0.04589471 0 0 0 -0.08658794
31 5.81367 -1.631575 -12.01451 -0.3149784 1.064137 -0.2563565
32 5.813787 -1.631573 12.01452 -0.3149785 1.064137 2.885236
33 5.6196 -12.042 -21.408 0 0 -2.114541
34 8.261183 5.11185 -16.13516 0 0 0.7883931
35 21.93254 -15.24135 0 0 0 0.2446476
36 26.77264 3.805277E-06 0 0 0 0
37 5.319719 6.905714E-06 0 0 0 1.086309
38 5.619708 -12.04187 21.408 0 0 1.027052
39 -8.261324 -5.111802 16.13521 0 0 1.013554
40 -21.9325 15.24135 0 0 0 0.4698209
41 -26.77271 -1.505669E-05 0 0 0 0
42 -5.319727 4.362404E-06 0 0 0 1.086309
time 3
0 0 105.9023 -11.51536 0.04738599 0 0
1 0 0 -25.42013 -1.570796 -0.05868836 1.570796
2 -0.9664395 0 0 0 0 2.742988
3 13.09551 4.900476 0 0 0 0
4 -3.737144 24.75081 -37.464 0.1131145 0.5399963 2.502349
5 18.19704 -4.701087E-05 0 2.885458E-08 2.081958E-08 -1.642179
6 27.2952 -0.0001901909 0 1.062861E-07 4.688796E-08 1.484229
7 11.50685 3.721203E-05 0 1.744303E-07 9.767869E-08 0.6816818
8 0 0 0 5.415911E-08 -4.879357E-08 -0.6944906
9 -3.737144 24.75081 37.464 2.786277E-08 0.6008786 -0.9041769
10 -18.19704 4.702087E-05 0 3.23283E-08 2.332598E-08 -1.642179
11 -27.2952 0.0001902305 0 1.149337E-07 4.903581E-08 1.484229
12 -11.50685 -3.721107E-05 0 1.700898E-07 1.006912E-07 0.6816818
13 0 0 0 -2.709918E-08 -4.684839E-08 -0.6944906
14 12.88968 -17.59745 0 -3.141593 0 0
15 4.812697 0 0 0 0 -0.06761112
16 9.673795 0 0 0 0 -0.06761112
17 12.01248 0 0 0 0 -0.06761112
18 11.89191 0 0 0 -1.570451 0
19 0.9499357 0 0 0 0 0
20 21.44688 0 0 0 0 0.3156714
21 27.2552 0 0 0 0 0
22 17.80445 10.85627 0 0 0 -0.1559623
23 -2.51837 -7.530342 0 1.570796 0 1.651491
24 8.256622 0.633341 0 0 0 -3.412963E-06
25 103.3853 -29.89403 0 0 0 -0.3162964
26 43.83523 -12.40405 0 0 0 -1.295201
27 -16.4158 -41.94849 0 0 0 0.5673603
28 21.30272 0 0 0 0 0.1734613
29 17.62354 -0.02214819 0 0 0 -0.08564301
30 14.86595 0.04589471 0 0 0 -0.08658794
31 5.81367 -1.631575 -12.01451 -0.3149784 1.064137 -0.2563565
32 5.813787 -1.631573 12.01452 -0.3149785 1.064137 2.885236
33 5.6196 -12.042 -21.408 0 0 -2.114541
34 8.261183 5.11185 -16.13516 0 0 0.8752344
35 21.93254 -15.24135 0 0 0 0.3314932
36 26.77264 3.805277E-06 0 0 0 0
37 5.319719 6.905714E-06 0 0 0 1.086309
38 5.619708 -12.04187 21.408 0 0 1.027052
39 -8.261324 -5.111802 16.13521 0 0 1.008154
40 -21.9325 15.24135 0 0 0 0.4644184
41 -26.77271 -1.505669E-05 0 0 0 0
42 -5.319727 4.362404E-06 0 0 0 1.086309
time 4
0 0 206.9021 -20.18344 0.09410602 0 0
1 0 0 -25.42013 -1.570796 -0.05868836 1.570796
2 -0.9664395 0 0 0 0 2.744044
3 13.09551 4.900476 0 0 0 0
4 -3.737144 24.75081 -37.464 0.1131145 0.5399963 2.502349
5 18.19704 -4.701087E-05 0 2.885457E-08 2.081958E-08 -1.639636
6 27.2952 -0.0001901909 0 1.062861E-07 4.688796E-08 1.484229
7 11.50685 3.721203E-05 0 1.744303E-07 9.767869E-08 0.6816818
8 0 0 0 5.415911E-08 -4.879357E-08 -0.6944906
9 -3.737144 24.75081 37.464 2.786277E-08 0.6008786 -0.9041769
10 -18.19704 4.702087E-05 0 3.23283E-08 2.332598E-08 -1.639636
11 -27.2952 0.0001902305 0 1.149337E-07 4.903581E-08 1.484229
12 -11.50685 -3.721107E-05 0 1.700898E-07 1.006912E-07 0.6816818
13 0 0 0 -2.709918E-08 -4.684839E-08 -0.6944906
14 12.88968 -17.59745 0 -3.141593 0 0
15 4.812697 0 0 0 0 -0.1014764
16 9.673795 0 0 0 0 -0.1014764
17 12.01248 0 0 0 0 -0.1014764
18 11.89191 0 0 0 -1.570451 0
19 0.9499357 0 0 0 0 0
20 21.44688 0 0 0 0 0.312971
21 27.2552 0 0 0 0 0
22 17.80445 10.85627 0 0 0 -0.1559623
23 -2.51837 -7.530342 0 1.570796 0 1.651491
24 8.256622 0.633341 0 0 0 -3.412963E-06
25 103.3853 -29.89403 0 0 0 -0.3162964
26 43.83523 -12.40405 0 0 0 -1.277669
27 -16.4158 -41.94849 0 0 0 0.5673603
28 21.30272 0 0 0 0 0.1734613
29 17.62354 -0.02214819 0 0 0 -0.08564301
30 14.86595 0.04589471 0 0 0 -0.08658794
31 5.81367 -1.631575 -12.01451 -0.3149784 1.064137 -0.2563565
32 5.813787 -1.631573 12.01452 -0.3149785 1.064137 2.885236
33 5.6196 -12.042 -21.408 0 0 -2.114541
34 8.261183 5.11185 -16.13516 0 0 0.9479931
35 21.93254 -15.24135 0 0 0 0.4042557
36 26.77264 3.805277E-06 0 0 0 0
37 5.319719 6.905714E-06 0 0 0 1.086309
38 5.619708 -12.04187 21.408 0 0 1.027052
39 -8.261324 -5.111802 16.13521 0 0 0.9960355
40 -21.9325 15.24135 0 0 0 0.4522987
41 -26.77271 -1.505669E-05 0 0 0 0
42 -5.319727 4.362404E-06 0 0 0 1.086309
time 5
0 0 291.5235 -27.44589 0.1580227 0 0
1 0 0 -25.42013 -1.570796 -0.05868836 1.570796
2 -0.9664395 0 0 0 0 2.745385
3 13.09551 4.900476 0 0 0 0
4 -3.737144 24.75081 -37.464 0.1131145 0.5399963 2.502349
5 18.19704 -4.701087E-05 0 2.885457E-08 2.081958E-08 -1.636751
6 27.2952 -0.0001901909 0 1.062861E-07 4.688796E-08 1.484229
7 11.50685 3.721203E-05 0 1.744303E-07 9.767869E-08 0.6816818
8 0 0 0 5.415911E-08 -4.879357E-08 -0.6944906
9 -3.737144 24.75081 37.464 2.786277E-08 0.6008786 -0.9041769
10 -18.19704 4.702087E-05 0 3.23283E-08 2.332598E-08 -1.636751
11 -27.2952 0.0001902305 0 1.149337E-07 4.903581E-08 1.484229
12 -11.50685 -3.721107E-05 0 1.700898E-07 1.006912E-07 0.6816818
13 0 0 0 -2.709918E-08 -4.684839E-08 -0.6944906
14 12.88968 -17.59745 0 -3.141593 0 0
15 4.812697 0 0 0 0 -0.147782
16 9.673795 0 0 0 0 -0.147782
17 12.01248 0 0 0 0 -0.147782
18 11.89191 0 0 0 -1.570451 0
19 0.9499357 0 0 0 0 0
20 21.44688 0 0 0 0 0.3100322
21 27.2552 0 0 0 0 0
22 17.80445 10.85627 0 0 0 -0.1559623
23 -2.51837 -7.530342 0 1.570796 0 1.651491
24 8.256622 0.633341 0 0 0 -3.412963E-06
25 103.3853 -29.89403 0 0 0 -0.3162964
26 43.83523 -12.40405 0 0 0 -1.260137
27 -16.4158 -41.94849 0 0 0 0.5673603
28 21.30272 0 0 0 0 0.1734613
29 17.62354 -0.02214819 0 0 0 -0.08564301
30 14.86595 0.04589471 0 0 0 -0.08658794
31 5.81367 -1.631575 -12.01451 -0.3149784 1.064137 -0.2563565
32 5.813787 -1.631573 12.01452 -0.3149785 1.064137 2.885236
33 5.6196 -12.042 -21.408 0 0 -2.114541
34 8.261183 5.11185 -16.13516 0 0 0.978505
35 21.93254 -15.24135 0 0 0 0.4347689
36 26.77264 3.805277E-06 0 0 0 0
37 5.319719 6.905714E-06 0 0 0 1.086309
38 5.619708 -12.04187 21.408 0 0 1.027052
39 -8.261324 -5.111802 16.13521 0 0 0.9640874
40 -21.9325 15.24135 0 0 0 0.4203469
41 -26.77271 -1.505669E-05 0 0 0 0
42 -5.319727 4.362404E-06 0 0 0 1.086309
time 6
0 0 327.0099 -30.49143 0.2382777 0 0
1 0 0 -25.42013 -1.570796 -0.05868836 1.570796
2 -0.9664395 0 0 0 0 2.747005
3 13.09551 4.900476 0 0 0 0
4 -3.737144 24.75081 -37.464 0.1131145 0.5399963 2.502349
5 18.19704 -4.701087E-05 0 2.885457E-08 2.081958E-08 -1.633694
6 27.2952 -0.0001901909 0 1.062861E-07 4.688796E-08 1.484229
7 11.50685 3.721203E-05 0 1.744303E-07 9.767869E-08 0.6816818
8 0 0 0 5.415911E-08 -4.879357E-08 -0.6944906
9 -3.737144 24.75081 37.464 2.786277E-08 0.6008786 -0.9041769
10 -18.19704 4.702087E-05 0 3.23283E-08 2.332598E-08 -1.633694
11 -27.2952 0.0001902305 0 1.149337E-07 4.903581E-08 1.484229
12 -11.50685 -3.721107E-05 0 1.700898E-07 1.006912E-07 0.6816818
13 0 0 0 -2.709918E-08 -4.684839E-08 -0.6944906
14 12.88968 -17.59745 0 -3.141593 0 0
15 4.812697 0 0 0 0 -0.1982343
16 9.673795 0 0 0 0 -0.1982343
17 12.01248 0 0 0 0 -0.1982343
18 11.89191 0 0 0 -1.570451 0
19 0.9499357 0 0 0 0 0
20 21.44688 0 0 0 0 0.3070934
21 27.2552 0 0 0 0 0
22 17.80445 10.85627 0 0 0 -0.1559623
23 -2.51837 -7.530342 0 1.570796 0 1.651491
24 8.256622 0.633341 0 0 0 -3.412963E-06
25 103.3853 -29.89403 0 0 0 -0.3162964
26 43.83523 -12.40405 0 0 0 -1.244843
27 -16.4158 -41.94849 0 0 0 0.5673603
28 21.30272 0 0 0 0 0.1734613
29 17.62354 -0.02214819 0 0 0 -0.08564301
30 14.86595 0.04589471 0 0 0 -0.08658794
31 5.81367 -1.631575 -12.01451 -0.3149784 1.064137 -0.2563565
32 5.813787 -1.631573 12.01452 -0.3149785 1.064137 2.885236
33 5.6196 -12.042 -21.408 0 0 -2.114541
34 8.261183 5.11185 -16.13516 0 0 0.9987293
35 21.93254 -15.24135 0 0 0 0.4549876
36 26.77264 3.805277E-06 0 0 0 0
37 5.319719 6.905714E-06 0 0 0 1.086309
38 5.619708 -12.04187 21.408 0 0 1.027052
39 -8.261324 -5.111802 16.13521 0 0 0.9189194
40 -21.9325 15.24135 0 0 0 0.3751736
41 -26.77271 -1.505669E-05 0 0 0 0
42 -5.319727 4.362404E-06 0 0 0 1.086309
time 7
0 0 361.6089 -33.90986 0.3340099 0 0
1 0 0 -25.42013 -1.570796 -0.05868836 1.570796
2 -0.9664395 0 0 0 0 2.748896
3 13.09551 4.900476 0 0 0 0
4 -3.737144 24.75081 -37.464 0.1131145 0.5399963 2.502349
5 18.19704 -4.701087E-05 0 2.885457E-08 2.081958E-08 -1.630637
6 27.2952 -0.0001901909 0 1.062861E-07 4.688796E-08 1.484229
7 11.50685 3.721203E-05 0 1.744303E-07 9.767869E-08 0.6816818
8 0 0 0 5.415911E-08 -4.879357E-08 -0.6944906
9 -3.737144 24.75081 37.464 2.786277E-08 0.6008786 -0.9041769
10 -18.19704 4.702087E-05 0 3.232829E-08 2.332598E-08 -1.630637
11 -27.2952 0.0001902305 0 1.149337E-07 4.903581E-08 1.484229
12 -11.50685 -3.721107E-05 0 1.700898E-07 1.006912E-07 0.6816818
13 0 0 0 -2.709918E-08 -4.684839E-08 -0.6944906
14 12.88968 -17.59745 0 -3.141593 0 0
15 4.812697 0 0 0 0 -0.2445399
16 9.673795 0 0 0 0 -0.2445399
17 12.01248 0 0 0 0 -0.2445399
18 11.89191 0 0 0 -1.570451 0
19 0.9499357 0 0 0 0 0
20 21.44688 0 0 0 0 0.304393
21 27.2552 0 0 0 0 0
22 17.80445 10.85627 0 0 0 -0.1559623
23 -2.51837 -7.530342 0 1.570796 0 1.651491
24 8.256622 0.633341 0 0 0 -3.412963E-06
25 103.3853 -29.89403 0 0 0 -0.3162964
26 43.83523 -12.40405 0 0 0 -1.234026
27 -16.4158 -41.94849 0 0 0 0.5673603
28 21.30272 0 0 0 0 0.1734613
29 17.62354 -0.02214819 0 0 0 -0.08564301
30 14.86595 0.04589471 0 0 0 -0.08658794
31 5.81367 -1.631575 -12.01451 -0.3149784 1.064137 -0.2563565
32 5.813787 -1.631573 12.01452 -0.3149785 1.064137 2.885236
33 5.6196 -12.042 -21.408 0 0 -2.114541
34 8.261183 5.11185 -16.13516 0 0 1.018954
35 21.93254 -15.24135 0 0 0 0.4752063
36 26.77264 3.805277E-06 0 0 0 0
37 5.319719 6.905714E-06 0 0 0 1.086309
38 5.619708 -12.04187 21.408 0 0 1.027052
39 -8.261324 -5.111802 16.13521 0 0 0.8671414
40 -21.9325 15.24135 0 0 0 0.3233895
41 -26.77271 -1.505669E-05 0 0 0 0
42 -5.319727 4.362404E-06 0 0 0 1.086309
time 8
0 0 437.7266 -42.72581 0.4443601 0 0
1 0 0 -25.42013 -1.570796 -0.05868836 1.570796
2 -0.9664395 0 0 0 0 2.75105
3 13.09551 4.900476 0 0 0 0
4 -3.737144 24.75081 -37.464 0.1131145 0.5399963 2.502349
5 18.19704 -4.701087E-05 0 2.885457E-08 2.081958E-08 -1.627752
6 27.2952 -0.0001901909 0 1.062861E-07 4.688796E-08 1.484229
7 11.50685 3.721203E-05 0 1.744303E-07 9.767869E-08 0.6816818
8 0 0 0 5.415911E-08 -4.879357E-08 -0.6944906
9 -3.737144 24.75081 37.464 2.786277E-08 0.6008786 -0.9041769
10 -18.19704 4.702087E-05 0 3.232829E-08 2.332598E-08 -1.627751
11 -27.2952 0.0001902305 0 1.149337E-07 4.903581E-08 1.484229
12 -11.50685 -3.721107E-05 0 1.700898E-07 1.006912E-07 0.6816818
13 0 0 0 -2.709918E-08 -4.684839E-08 -0.6944906
14 12.88968 -17.59745 0 -3.141593 0 0
15 4.812697 0 0 0 0 -0.2784051
16 9.673795 0 0 0 0 -0.2784051
17 12.01248 0 0 0 0 -0.2784051
18 11.89191 0 0 0 -1.570451 0
19 0.9499357 0 0 0 0 0
20 21.44688 0 0 0 0 0.3021691
21 27.2552 0 0 0 0 0
22 17.80445 10.85627 0 0 0 -0.1559623
23 -2.51837 -7.530342 0 1.570796 0 1.651491
24 8.256622 0.633341 0 0 0 -3.412963E-06
25 103.3853 -29.89403 0 0 0 -0.3162964
26 43.83523 -12.40405 0 0 0 -1.229923
27 -16.4158 -41.94849 0 0 0 0.5673603
28 21.30272 0 0 0 0 0.1734613
29 17.62354 -0.02214819 0 0 0 -0.08564301
30 14.86595 0.04589471 0 0 0 -0.08658794
31 5.81367 -1.631575 -12.01451 -0.3149784 1.064137 -0.2563565
32 5.813787 -1.631573 12.01452 -0.3149785 1.064137 2.885236
33 5.6196 -12.042 -21.408 0 0 -2.114541
34 8.261183 5.11185 -16.13516 0 0 1.013554
35 21.93254 -15.24135 0 0 0 0.4697965
36 26.77264 3.805277E-06 0 0 0 0
37 5.319719 6.905714E-06 0 0 0 1.086309
38 5.619708 -12.04187 21.408 0 0 1.027052
39 -8.261324 -5.111802 16.13521 0 0 0.8153634
40 -21.9325 15.24135 0 0 0 0.2716055
41 -26.77271 -1.505669E-05 0 0 0 0
42 -5.319727 4.362404E-06 0 0 0 1.086309
time 9
0 0 513.8443 -54.78028 0.5684679 0 0
1 0 0 -25.42013 -1.570796 -0.05868836 1.570796
2 -0.9664395 0 0 0 0 2.753462
3 13.09551 4.900476 0 0 0 0
4 -3.737144 24.75081 -37.464 0.1131145 0.5399963 2.502349
5 18.19704 -4.701087E-05 0 2.885457E-08 2.081958E-08 -1.625209
6 27.2952 -0.0001901909 0 1.062861E-07 4.688796E-08 1.484229
7 11.50685 3.721203E-05 0 1.744303E-07 9.767869E-08 0.6816818
8 0 0 0 5.415911E-08 -4.879357E-08 -0.6944906
9 -3.737144 24.75081 37.464 2.786277E-08 0.6008786 -0.9041769
10 -18.19704 4.702087E-05 0 3.232829E-08 2.332598E-08 -1.625209
11 -27.2952 0.0001902305 0 1.149337E-07 4.903581E-08 1.484229
12 -11.50685 -3.721107E-05 0 1.700898E-07 1.006912E-07 0.6816818
13 0 0 0 -2.709918E-08 -4.684839E-08 -0.6944906
14 12.88968 -17.59745 0 -3.141593 0 0
15 4.812697 0 0 0 0 -0.2915365
16 9.673795 0 0 0 0 -0.2915365
17 12.01248 0 0 0 0 -0.2915365
18 11.89191 0 0 0 -1.570451 0
19 0.9499357 0 0 0 0 0
20 21.44688 0 0 0 0 0.30066
21 27.2552 0 0 0 0 0
22 17.80445 10.85627 0 0 0 -0.1559623
23 -2.51837 -7.530342 0 1.570796 0 1.651491
24 8.256622 0.633341 0 0 0 -3.412963E-06
25 103.3853 -29.89403 0 0 0 -0.3162964
26 43.83523 -12.40405 0 0 0 -1.227926
27 -16.4158 -41.94849 0 0 0 0.5673603
28 21.30272 0 0 0 0 0.1734613
29 17.62354 -0.02214819 0 0 0 -0.08564301
30 14.86595 0.04589471 0 0 0 -0.08658794
31 5.81367 -1.631575 -12.01451 -0.3149784 1.064137 -0.2563565
32 5.813787 -1.631573 12.01452 -0.3149785 1.064137 2.885236
33 5.6196 -12.042 -21.408 0 0 -2.114541
34 8.261183 5.11185 -16.13516 0 0 1.008154
35 21.93254 -15.24135 0 0 0 0.4643867
36 26.77264 3.805277E-06 0 0 0 0
37 5.319719 6.905714E-06 0 0 0 1.086309
38 5.619708 -12.04187 21.408 0 0 1.027052
39 -8.261324 -5.111802 16.13521 0 0 0.7701954
40 -21.9325 15.24135 0 0 0 0.2264322
41 -26.77271 -1.505669E-05 0 0 0 0
42 -5.319727 4.362404E-06 0 0 0 1.086309
time 10
0 0 548.4433 -67.91425 0.7054737 0 0
1 0 0 -25.42013 -1.570796 -0.05868836 1.570796
2 -0.9664395 0 0 0 0 2.756122
3 13.09551 4.900476 0 0 0 0
4 -3.737144 24.75081 -37.464 0.1131145 0.5399963 2.502349
5 18.19704 -4.701087E-05 0 2.885457E-08 2.081958E-08 -1.62318
6 27.2952 -0.0001901909 0 1.062861E-07 4.688796E-08 1.484229
7 11.50685 3.721203E-05 0 1.744303E-07 9.767869E-08 0.6816818
8 0 0 0 5.415911E-08 -4.879357E-08 -0.6944906
9 -3.737144 24.75081 37.464 2.786277E-08 0.6008786 -0.9041769
10 -18.19704 4.702087E-05 0 3.232829E-08 2.332598E-08 -1.62318
11 -27.2952 0.0001902305 0 1.149337E-07 4.903581E-08 1.484229
12 -11.50685 -3.721107E-05 0 1.700898E-07 1.006912E-07 0.6816818
13 0 0 0 -2.709918E-08 -4.684839E-08 -0.6944906
14 12.88968 -17.59745 0 -3.141593 0 0
15 4.812697 0 0 0 0 -0.2888726
16 9.673795 0 0 0 0 -0.2888726
17 12.01248 0 0 0 0 -0.2888726
18 11.89191 0 0 0 -1.570451 0
19 0.9499357 0 0 0 0 0
20 21.44688 0 0 0 0 0.3001041
21 27.2552 0 0 0 0 0
22 17.80445 10.85627 0 0 0 -0.1559623
23 -2.51837 -7.530342 0 1.570796 0 1.651491
24 8.256622 0.633341 0 0 0 -3.412963E-06
25 103.3853 -29.89403 0 0 0 -0.3162964
26 43.83523 -12.40405 0 0 0 -1.222112
27 -16.4158 -41.94849 0 0 0 0.5673603
28 21.30272 0 0 0 0 0.1734613
29 17.62354 -0.02214819 0 0 0 -0.08564301
30 14.86595 0.04589471 0 0 0 -0.08658794
31 5.81367 -1.631575 -12.01451 -0.3149784 1.064137 -0.2563565
32 5.813787 -1.631573 12.01452 -0.3149785 1.064137 2.885236
33 5.6196 -12.042 -21.408 0 0 -2.114541
34 8.261183 5.11185 -16.13516 0 0 0.9960358
35 21.93254 -15.24135 0 0 0 0.4522707
36 26.77264 3.805277E-06 0 0 0 0
37 5.319719 6.905714E-06 0 0 0 1.086309
38 5.619708 -12.04187 21.408 0 0 1.027052
39 -8.261324 -5.111802 16.13521 0 0 0.7382472
40 -21.9325 15.24135 0 0 0 0.1944804
41 -26.77271 -1.505669E-05 0 0 0 0
42 -5.319727 4.362404E-06 0 0 0 1.086309
time 11
0 0 590.5891 -79.9687 0.8545182 0 0
1 0 0 -25.42013 -1.570796 -0.05868836 1.570796
2 -0.9664395 0 0 0 0 2.759025
3 13.09551 4.900476 0 0 0 0
4 -3.737144 24.75081 -37.464 0.1131145 0.5399963 2.502349
5 18.19704 -4.701087E-05 0 2.885457E-08 2.081958E-08 -1.621838
6 27.2952 -0.0001901909 0 1.062861E-07 4.688796E-08 1.484229
7 11.50685 3.721203E-05 0 1.744303E-07 9.767869E-08 0.6816818
8 0 0 0 5.415911E-08 -4.879357E-08 -0.6944906
9 -3.737144 24.75081 37.464 2.786277E-08 0.6008786 -0.9041769
10 -18.19704 4.702087E-05 0 3.232829E-08 2.332598E-08 -1.621837
11 -27.2952 0.0001902305 0 1.149337E-07 4.903581E-08 1.484229
12 -11.50685 -3.721107E-05 0 1.700898E-07 1.006912E-07 0.6816818
13 0 0 0 -2.709918E-08 -4.684839E-08 -0.6944906
14 12.88968 -17.59745 0 -3.141593 0 0
15 4.812697 0 0 0 0 -0.2830119
16 9.673795 0 0 0 0 -0.2830119
17 12.01248 0 0 0 0 -0.2830119
18 11.89191 0 0 0 -1.570451 0
19 0.9499357 0 0 0 0 0
20 21.44688 0 0 0 0 0.2989711
21 27.2552 0 0 0 0 0
22 17.80445 10.85627 0 0 0 -0.1559623
23 -2.51837 -7.530342 0 1.570796 0 1.651491
24 8.256622 0.633341 0 0 0 -3.412963E-06
25 103.3853 -29.89403 0 0 0 -0.3162964
26 43.83523 -12.40405 0 0 0 -1.212745
27 -16.4158 -41.94849 0 0 0 0.5673603
28 21.30272 0 0 0 0 0.1734613
29 17.62354 -0.02214819 0 0 0 -0.08564301
30 14.86595 0.04589471 0 0 0 -0.08658794
31 5.81367 -1.631575 -12.01451 -0.3149784 1.064137 -0.2563565
32 5.813787 -1.631573 12.01452 -0.3149785 1.064137 2.885236
33 5.6196 -12.042 -21.408 0 0 -2.114541
34 8.261183 5.11185 -16.13516 0 0 0.9640876
35 21.93254 -15.24135 0 0 0 0.4203284
36 26.77264 3.805277E-06 0 0 0 0
37 5.319719 6.905714E-06 0 0 0 1.086309
38 5.619708 -12.04187 21.408 0 0 1.027052
39 -8.261324 -5.111802 16.13521 0 0 0.726129
40 -21.9325 15.24135 0 0 0 0.1823607
41 -26.77271 -1.505669E-05 0 0 0 0
42 -5.319727 4.362404E-06 0 0 0 1.086309
time 12
0 0 623.4314 -88.78466 1.014741 0 0
1 0 0 -25.42013 -1.570796 -0.05868836 1.570796
2 -0.9664395 0 0 0 0 2.762163
3 13.09551 4.900476 0 0 0 0
4 -3.737144 24.75081 -37.464 0.1131145 0.5399963 2.502349
5 18.19704 -4.701087E-05 0 2.885457E-08 2.081958E-08 -1.621352
6 27.2952 -0.0001901909 0 1.062861E-07 4.688796E-08 1.484229
7 11.50685 3.721203E-05 0 1.744303E-07 9.767869E-08 0.6816818
8 0 0 0 5.415911E-08 -4.879357E-08 -0.6944906
9 -3.737144 24.75081 37.464 2.786277E-08 0.6008786 -0.9041769
10 -18.19704 4.702087E-05 0 3.23283E-08 2.332599E-08 -1.621352
11 -27.2952 0.0001902305 0 1.149337E-07 4.903581E-08 1.484229
12 -11.50685 -3.721107E-05 0 1.700898E-07 1.006912E-07 0.6816818
13 0 0 0 -2.709918E-08 -4.684839E-08 -0.6944906
14 12.88968 -17.59745 0 -3.141593 0 0
15 4.812697 0 0 0 0 -0.2771512
16 9.673795 0 0 0 0 -0.2771512
17 12.01248 0 0 0 0 -0.2771512
18 11.89191 0 0 0 -1.570451 0
19 0.9499357 0 0 0 0 0
20 21.44688 0 0 0 0 0.2956659
21 27.2552 0 0 0 0 0
22 17.80445 10.85627 0 0 0 -0.1559623
23 -2.51837 -7.530342 0 1.570796 0 1.651491
24 8.256622 0.633341 0 0 0 -3.412963E-06
25 103.3853 -29.89403 0 0 0 -0.3162964
26 43.83523 -12.40405 0 0 0 -1.200086
27 -16.4158 -41.94849 0 0 0 0.5673603
28 21.30272 0 0 0 0 0.1734613
29 17.62354 -0.02214819 0 0 0 -0.08564301
30 14.86595 0.04589471 0 0 0 -0.08658794
31 5.81367 -1.631575 -12.01451 -0.3149784 1.064137 -0.2563565
32 5.813787 -1.631573 12.01452 -0.3149785 1.064137 2.885236
33 5.6196 -12.042 -21.408 0 0 -2.114541
34 8.261183 5.11185 -16.13516 0 0 0.9189196
35 21.93254 -15.24135 0 0 0 0.3751687
36 26.77264 3.805277E-06 0 0 0 0
37 5.319719 6.905714E-06 0 0 0 1.086309
38 5.619708 -12.04187 21.408 0 0 1.027052
39 -8.261324 -5.111802 16.13521 0 0 0.7085965
40 -21.9325 15.24135 0 0 0 0.1648291
41 -26.77271 -1.505669E-05 0 0 0 0
42 -5.319727 4.362404E-06 0 0 0 1.086309
time 13
0 0 656.2737 -92.20309 1.185282 0 0
1 0 0 -25.42013 -1.570796 -0.05868836 1.570796
2 -0.9664395 0 0 0 0 2.765528
3 13.09551 4.900476 0 0 0 0
4 -3.737144 24.75081 -37.464 0.1131145 0.5399963 2.502349
5 18.19704 -4.701087E-05 0 2.885457E-08 2.081958E-08 -1.620422
6 27.2952 -0.0001901909 0 1.062861E-07 4.688796E-08 1.484229
7 11.50685 3.721203E-05 0 1.744303E-07 9.767869E-08 0.6816818
8 0 0 0 5.415911E-08 -4.879357E-08 -0.6944906
9 -3.737144 24.75081 37.464 2.786277E-08 0.6008786 -0.9041769
10 -18.19704 4.702087E-05 0 3.232829E-08 2.332598E-08 -1.620422
11 -27.2952 0.0001902305 0 1.149337E-07 4.903581E-08 1.484229
12 -11.50685 -3.721107E-05 0 1.700898E-07 1.006912E-07 0.6816818
13 0 0 0 -2.709918E-08 -4.684839E-08 -0.6944906
14 12.88968 -17.59745 0 -3.141593 0 0
15 4.812697 0 0 0 0 -0.2744872
16 9.673795 0 0 0 0 -0.2744872
17 12.01248 0 0 0 0 -0.2744872
18 11.89191 0 0 0 -1.570451 0
19 0.9499357 0 0 0 0 0
20 21.44688 0 0 0 0 0.2903285
21 27.2552 0 0 0 0 0
22 17.80445 10.85627 0 0 0 -0.1559623
23 -2.51837 -7.530342 0 1.570796 0 1.651491
24 8.256622 0.633341 0 0 0 -3.412963E-06
25 103.3853 -29.89403 0 0 0 -0.3162964
26 43.83523 -12.40405 0 0 0 -1.1844
27 -16.4158 -41.94849 0 0 0 0.5673603
28 21.30272 0 0 0 0 0.1734613
29 17.62354 -0.02214819 0 0 0 -0.08564301
30 14.86595 0.04589471 0 0 0 -0.08658794
31 5.81367 -1.631575 -12.01451 -0.3149784 1.064137 -0.2563565
32 5.813787 -1.631573 12.01452 -0.3149785 1.064137 2.885236
33 5.6196 -12.042 -21.408 0 0 -2.114541
34 8.261183 5.11185 -16.13516 0 0 0.8671415
35 21.93254 -15.24135 0 0 0 0.3234001
36 26.77264 3.805277E-06 0 0 0 0
37 5.319719 6.905714E-06 0 0 0 1.086309
38 5.619708 -12.04187 21.408 0 0 1.027052
39 -8.261324 -5.111802 16.13521 0 0 0.6616095
40 -21.9325 15.24135 0 0 0 0.1178445
41 -26.77271 -1.505669E-05 0 0 0 0
42 -5.319727 4.362404E-06 0 0 0 1.086309
time 14
0 0 672.2968 -94.2388 1.365281 0 0
1 0 0 -25.42013 -1.570796 -0.05868836 1.570796
2 -0.9664395 0 0 0 0 2.769114
3 13.09551 4.900476 0 0 0 0
4 -3.737144 24.75081 -37.464 0.1131145 0.5399963 2.502349
5 18.19704 -4.701087E-05 0 2.885457E-08 2.081958E-08 -1.617686
6 27.2952 -0.0001901909 0 1.062861E-07 4.688796E-08 1.484229
7 11.50685 3.721203E-05 0 1.744303E-07 9.767869E-08 0.6816818
8 0 0 0 5.415911E-08 -4.879357E-08 -0.6944906
9 -3.737144 24.75081 37.464 2.786277E-08 0.6008786 -0.9041769
10 -18.19704 4.702087E-05 0 3.232829E-08 2.332598E-08 -1.617686
11 -27.2952 0.0001902305 0 1.149337E-07 4.903581E-08 1.484229
12 -11.50685 -3.721107E-05 0 1.700898E-07 1.006912E-07 0.6816818
13 0 0 0 -2.709918E-08 -4.684839E-08 -0.6944906
14 12.88968 -17.59745 0 -3.141593 0 0
15 4.812697 0 0 0 0 -0.2708936
16 9.673795 0 0 0 0 -0.2708936
17 12.01248 0 0 0 0 -0.2708936
18 11.89191 0 0 0 -1.570451 0
19 0.9499357 0 0 0 0 0
20 21.44688 0 0 0 0 0.2830991
21 27.2552 0 0 0 0 0
22 17.80445 10.85627 0 0 0 -0.1559623
23 -2.51837 -7.530342 0 1.570796 0 1.651491
24 8.256622 0.633341 0 0 0 -3.412963E-06
25 103.3853 -29.89403 0 0 0 -0.3162964
26 43.83523 -12.40405 0 0 0 -1.16595
27 -16.4158 -41.94849 0 0 0 0.5673603
28 21.30272 0 0 0 0 0.1734613
29 17.62354 -0.02214819 0 0 0 -0.08564301
30 14.86595 0.04589471 0 0 0 -0.08658794
31 5.81367 -1.631575 -12.01451 -0.3149784 1.064137 -0.2563565
32 5.813787 -1.631573 12.01452 -0.3149785 1.064137 2.885236
33 5.6196 -12.042 -21.408 0 0 -2.114541
34 8.261183 5.11185 -16.13516 0 0 0.8153636
35 21.93254 -15.24135 0 0 0 0.2716316
36 26.77264 3.805277E-06 0 0 0 0
37 5.319719 6.905714E-06 0 0 0 1.086309
38 5.619708 -12.04187 21.408 0 0 1.027052
39 -8.261324 -5.111802 16.13521 0 0 0.5935834
40 -21.9325 15.24135 0 0 0 0.04982198
41 -26.77271 -1.505669E-05 0 0 0 0
42 -5.319727 4.362404E-06 0 0 0 1.086309
time 15
0 0 707.5477 -98.71738 1.553879 0 0
1 0 0 -25.42013 -1.570796 -0.05868836 1.570796
2 -0.9664395 0 0 0 0 2.772913
3 13.09551 4.900476 0 0 0 0
4 -3.737144 24.75081 -37.464 0.1131145 0.5399963 2.502349
5 18.19704 -4.701087E-05 0 2.885457E-08 2.081958E-08 -1.613225
6 27.2952 -0.0001901909 0 1.062861E-07 4.688796E-08 1.484229
7 11.50685 3.721203E-05 0 1.744303E-07 9.767869E-08 0.6816818
8 0 0 0 5.415911E-08 -4.879357E-08 -0.6944906
9 -3.737144 24.75081 37.464 2.786277E-08 0.6008786 -0.9041769
10 -18.19704 4.702087E-05 0 3.232829E-08 2.332598E-08 -1.613225
11 -27.2952 0.0001902305 0 1.149337E-07 4.903581E-08 1.484229
12 -11.50685 -3.721107E-05 0 1.700898E-07 1.006912E-07 0.6816818
13 0 0 0 -2.709918E-08 -4.684839E-08 -0.6944906
14 12.88968 -17.59745 0 -3.141593 0 0
15 4.812697 0 0 0 0 -0.2604909
16 9.673795 0 0 0 0 -0.2604909
17 12.01248 0 0 0 0 -0.2604909
18 11.89191 0 0 0 -1.570451 0
19 0.9499357 0 0 0 0 0
20 21.44688 0 0 0 0 0.2741178
21 27.2552 0 0 0 0 0
22 17.80445 10.85627 0 0 0 -0.1559623
23 -2.51837 -7.530342 0 1.570796 0 1.651491
24 8.256622 0.633341 0 0 0 -3.412963E-06
25 103.3853 -29.89403 0 0 0 -0.3162964
26 43.83523 -12.40405 0 0 0 -1.144999
27 -16.4158 -41.94849 0 0 0 0.5673603
28 21.30272 0 0 0 0 0.1734613
29 17.62354 -0.02214819 0 0 0 -0.08564301
30 14.86595 0.04589471 0 0 0 -0.08658794
31 5.81367 -1.631575 -12.01451 -0.3149784 1.064137 -0.2563565
32 5.813787 -1.631573 12.01452 -0.3149785 1.064137 2.885236
33 5.6196 -12.042 -21.408 0 0 -2.114541
34 8.261183 5.11185 -16.13516 0 0 0.7701955
35 21.93254 -15.24135 0 0 0 0.2264719
36 26.77264 3.805277E-06 0 0 0 0
37 5.319719 6.905714E-06 0 0 0 1.086309
38 5.619708 -12.04187 21.408 0 0 1.027052
39 -8.261324 -5.111802 16.13521 0 0 0.512934
40 -21.9325 15.24135 0 0 0 -0.03082325
41 -26.77271 -1.505669E-05 0 0 0 0
42 -5.319727 4.362404E-06 0 0 0 1.086309
time 16
0 0 742.7987 -103.1959 1.750217 0 0
1 0 0 -25.42013 -1.570796 -0.05868836 1.570796
2 -0.9664395 0 0 0 0 2.776918
3 13.09551 4.900476 0 0 0 0
4 -3.737144 24.75081 -37.464 0.1131145 0.5399963 2.502349
5 18.19704 -4.701087E-05 0 2.885457E-08 2.081958E-08 -1.607118
6 27.2952 -0.0001901909 0 1.062861E-07 4.688796E-08 1.484229
7 11.50685 3.721203E-05 0 1.744303E-07 9.767869E-08 0.6816818
8 0 0 0 5.415911E-08 -4.879357E-08 -0.6944906
9 -3.737144 24.75081 37.464 2.786277E-08 0.6008786 -0.9041769
10 -18.19704 4.702087E-05 0 3.232829E-08 2.332598E-08 -1.607118
11 -27.2952 0.0001902305 0 1.149337E-07 4.903581E-08 1.484229
12 -11.50685 -3.721107E-05 0 1.700898E-07 1.006912E-07 0.6816818
13 0 0 0 -2.709918E-08 -4.684839E-08 -0.6944906
14 12.88968 -17.59745 0 -3.141593 0 0
15 4.812697 0 0 0 0 -0.2438467
16 9.673795 0 0 0 0 -0.2438467
17 12.01248 0 0 0 0 -0.2438467
18 11.89191 0 0 0 -1.570451 0
19 0.9499357 0 0 0 0 0
20 21.44688 0 0 0 0 0.2635248
21 27.2552 0 0 0 0 0
22 17.80445 10.85627 0 0 0 -0.1559623
23 -2.51837 -7.530342 0 1.570796 0 1.651491
24 8.256622 0.633341 0 0 0 -3.412963E-06
25 103.3853 -29.89403 0 0 0 -0.3162964
26 43.83523 -12.40405 0 0 0 -1.12181
27 -16.4158 -41.94849 0 0 0 0.5673603
28 21.30272 0 0 0 0 0.1734613
29 17.62354 -0.02214819 0 0 0 -0.08564301
30 14.86595 0.04589471 0 0 0 -0.08658794
31 5.81367 -1.631575 -12.01451 -0.3149784 1.064137 -0.2563565
32 5.813787 -1.631573 12.01452 -0.3149785 1.064137 2.885236
33 5.6196 -12.042 -21.408 0 0 -2.114541
34 8.261183 5.11185 -16.13516 0 0 0.7382473
35 21.93254 -15.24135 0 0 0 0.1945296
36 26.77264 3.805277E-06 0 0 0 0
37 5.319719 6.905714E-06 0 0 0 1.086309
38 5.619708 -12.04187 21.408 0 0 1.027052
39 -8.261324 -5.111802 16.13521 0 0 0.4280768
40 -21.9325 15.24135 0 0 0 -0.1156761
41 -26.77271 -1.505669E-05 0 0 0 0
42 -5.319727 4.362404E-06 0 0 0 1.086309
time 17
0 0 758.8218 -105.2317 1.953433 0 0
1 0 0 -25.42013 -1.570796 -0.05868836 1.570796
2 -0.9664395 0 0 0 0 2.781122
3 13.09551 4.900476 0 0 0 0
4 -3.737144 24.75081 -37.464 0.1131145 0.5399963 2.502349
5 18.19704 -4.701087E-05 0 2.885457E-08 2.081958E-08 -1.599446
6 27.2952 -0.0001901909 0 1.062861E-07 4.688796E-08 1.484229
7 11.50685 3.721203E-05 0 1.744303E-07 9.767869E-08 0.6816818
8 0 0 0 5.415911E-08 -4.879357E-08 -0.6944906
9 -3.737144 24.75081 37.464 2.786277E-08 0.6008786 -0.9041769
10 -18.19704 4.702087E-05 0 3.23283E-08 2.332598E-08 -1.599446
11 -27.2952 0.0001902305 0 1.149337E-07 4.903581E-08 1.484229
12 -11.50685 -3.721107E-05 0 1.700898E-07 1.006912E-07 0.6816818
13 0 0 0 -2.709918E-08 -4.684839E-08 -0.6944906
14 12.88968 -17.59745 0 -3.141593 0 0
15 4.812697 0 0 0 0 -0.2215283
16 9.673795 0 0 0 0 -0.2215283
17 12.01248 0 0 0 0 -0.2215283
18 11.89191 0 0 0 -1.570451 0
19 0.9499357 0 0 0 0 0
20 21.44688 0 0 0 0 0.2514602
21 27.2552 0 0 0 0 0
22 17.80445 10.85627 0 0 0 -0.1559623
23 -2.51837 -7.530342 0 1.570796 0 1.651491
24 8.256622 0.633341 0 0 0 -3.412963E-06
25 103.3853 -29.89403 0 0 0 -0.3162964
26 43.83523 -12.40405 0 0 0 -1.096647
27 -16.4158 -41.94849 0 0 0 0.5673603
28 21.30272 0 0 0 0 0.1734613
29 17.62354 -0.02214819 0 0 0 -0.08564301
30 14.86595 0.04589471 0 0 0 -0.08658794
31 5.81367 -1.631575 -12.01451 -0.3149784 1.064137 -0.2563565
32 5.813787 -1.631573 12.01452 -0.3149785 1.064137 2.885236
33 5.6196 -12.042 -21.408 0 0 -2.114541
34 8.261183 5.11185 -16.13516 0 0 0.7261291
35 21.93254 -15.24135 0 0 0 0.1824136
36 26.77264 3.805277E-06 0 0 0 0
37 5.319719 6.905714E-06 0 0 0 1.086309
38 5.619708 -12.04187 21.408 0 0 1.027052
39 -8.261324 -5.111802 16.13521 0 0 0.3474274
40 -21.9325 15.24135 0 0 0 -0.1963213
41 -26.77271 -1.505669E-05 0 0 0 0
42 -5.319727 4.362404E-06 0 0 0 1.086309
time 18
0 0 764.3952 -101.9598 2.162668 0 0
1 0 0 -25.42013 -1.570796 -0.05868836 1.570796
2 -0.9664395 0 0 0 0 2.785517
3 13.09551 4.900476 0 0 0 0
4 -3.737144 24.75081 -37.464 0.1131145 0.5399963 2.502349
5 18.19704 -4.701087E-05 0 2.885457E-08 2.081958E-08 -1.590289
6 27.2952 -0.0001901909 0 1.062861E-07 4.688796E-08 1.484229
7 11.50685 3.721203E-05 0 1.744303E-07 9.767869E-08 0.6816818
8 0 0 0 5.415911E-08 -4.879357E-08 -0.6944906
9 -3.737144 24.75081 37.464 2.786277E-08 0.6008786 -0.9041769
10 -18.19704 4.702087E-05 0 3.23283E-08 2.332598E-08 -1.590289
11 -27.2952 0.0001902305 0 1.149337E-07 4.903581E-08 1.484229
12 -11.50685 -3.721107E-05 0 1.700898E-07 1.006912E-07 0.6816818
13 0 0 0 -2.709918E-08 -4.684839E-08 -0.6944906
14 12.88968 -17.59745 0 -3.141593 0 0
15 4.812697 0 0 0 0 -0.1941031
16 9.673795 0 0 0 0 -0.1941031
17 12.01248 0 0 0 0 -0.1941031
18 11.89191 0 0 0 -1.570451 0
19 0.9499357 0 0 0 0 0
20 21.44688 0 0 0 0 0.2380642
21 27.2552 0 0 0 0 0
22 17.80445 10.85627 0 0 0 -0.1559623
23 -2.51837 -7.530342 0 1.570796 0 1.651491
24 8.256622 0.633341 0 0 0 -3.412963E-06
25 103.3853 -29.89403 0 0 0 -0.3162964
26 43.83523 -12.40405 0 0 0 -1.069772
27 -16.4158 -41.94849 0 0 0 0.5673603
28 21.30272 0 0 0 0 0.1734613
29 17.62354 -0.02214819 0 0 0 -0.08564301
30 14.86595 0.04589471 0 0 0 -0.08658794
31 5.81367 -1.631575 -12.01451 -0.3149784 1.064137 -0.2563565
32 5.813787 -1.631573 12.01452 -0.3149785 1.064137 2.885236
33 5.6196 -12.042 -21.408 0 0 -2.114541
34 8.261183 5.11185 -16.13516 0 0 0.7085966
35 21.93254 -15.24135 0 0 0 0.1648793
36 26.77264 3.805277E-06 0 0 0 0
37 5.319719 6.905714E-06 0 0 0 1.086309
38 5.619708 -12.04187 21.408 0 0 1.027052
39 -8.261324 -5.111802 16.13521 0 0 0.2794014
40 -21.9325 15.24135 0 0 0 -0.2643438
41 -26.77271 -1.505669E-05 0 0 0 0
42 -5.319727 4.362404E-06 0 0 0 1.086309
time 19
0 0 778.3286 -95.88351 2.377062 0 0
1 0 0 -25.42013 -1.570796 -0.05868836 1.570796
2 -0.9664395 0 0 0 0 2.790097
3 13.09551 4.900476 0 0 0 0
4 -3.737144 24.75081 -37.464 0.1131145 0.5399963 2.502349
5 18.19704 -4.701087E-05 0 2.885457E-08 2.081958E-08 -1.579727
6 27.2952 -0.0001901909 0 1.062861E-07 4.688796E-08 1.484229
7 11.50685 3.721203E-05 0 1.744303E-07 9.767869E-08 0.6816818
8 0 0 0 5.415911E-08 -4.879357E-08 -0.6944906
9 -3.737144 24.75081 37.464 2.786277E-08 0.6008786 -0.9041769
10 -18.19704 4.702087E-05 0 3.23283E-08 2.332598E-08 -1.579727
11 -27.2952 0.0001902305 0 1.149337E-07 4.903581E-08 1.484229
12 -11.50685 -3.721107E-05 0 1.700898E-07 1.006912E-07 0.6816818
13 0 0 0 -2.709918E-08 -4.684839E-08 -0.6944906
14 12.88968 -17.59745 0 -3.141593 0 0
15 4.812697 0 0 0 0 -0.1621386
16 9.673795 0 0 0 0 -0.1621386
17 12.01248 0 0 0 0 -0.1621386
18 11.89191 0 0 0 -1.570451 0
19 0.9499357 0 0 0 0 0
20 21.44688 0 0 0 0 0.2234768
21 27.2552 0 0 0 0 0
22 17.80445 10.85627 0 0 0 -0.1559623
23 -2.51837 -7.530342 0 1.570796 0 1.651491
24 8.256622 0.633341 0 0 0 0.004424347
25 103.3853 -29.89403 0 0 0 -0.3162964
26 43.83523 -12.40405 0 0 0 -1.04145
27 -16.4158 -41.94849 0 0 0 0.5673603
28 21.30272 0 0 0 0 0.1734613
29 17.62354 -0.02214819 0 0 0 -0.08564301
30 14.86595 0.04589471 0 0 0 -0.08658794
31 5.81367 -1.631575 -12.01451 -0.3149784 1.064137 -0.2563565
32 5.813787 -1.631573 12.01452 -0.3149785 1.064137 2.885236
33 5.6196 -12.042 -21.408 0 0 -2.114541
34 8.261183 5.11185 -16.13516 0 0 0.6616095
35 21.93254 -15.24135 0 0 0 0.1178875
36 26.77264 3.805277E-06 0 0 0 0
37 5.319719 6.905714E-06 0 0 0 1.086309
38 5.619708 -12.04187 21.408 0 0 1.027052
39 -8.261324 -5.111802 16.13521 0 0 0.2324143
40 -21.9325 15.24135 0 0 0 -0.3113284
41 -26.77271 -1.505669E-05 0 0 0 0
42 -5.319727 4.362404E-06 0 0 0 1.086309
time 20
0 0 796.442 -92.61166 2.595756 0 0
1 0 0 -25.42013 -1.570796 -0.05868836 1.570796
2 -0.9664395 0 0 0 0 2.794854
3 13.09551 4.900476 0 0 0 0
4 -3.737144 24.75081 -37.464 0.1131145 0.5399963 2.502349
5 18.19704 -4.701087E-05 0 2.885457E-08 2.081958E-08 -1.567841
6 27.2952 -0.0001901909 0 1.062861E-07 4.688796E-08 1.484229
7 11.50685 3.721203E-05 0 1.744303E-07 9.767869E-08 0.6816818
8 0 0 0 5.415911E-08 -4.879357E-08 -0.6944906
9 -3.737144 24.75081 37.464 2.786277E-08 0.6008786 -0.9041769
10 -18.19704 4.702087E-05 0 3.23283E-08 2.332598E-08 -1.567841
11 -27.2952 0.0001902305 0 1.149337E-07 4.903581E-08 1.484229
12 -11.50685 -3.721107E-05 0 1.700898E-07 1.006912E-07 0.6816818
13 0 0 0 -2.709918E-08 -4.684839E-08 -0.6944906
14 12.88968 -17.59745 0 -3.141593 0 0
15 4.812697 0 0 0 0 -0.1262022
16 9.673795 0 0 0 0 -0.1262022
17 12.01248 0 0 0 0 -0.1262022
18 11.89191 0 0 0 -1.570451 0
19 0.9499357 0 0 0 0 0
20 21.44688 0 0 0 0 0.2078384
21 27.2552 0 0 0 0 0
22 17.80445 10.85627 0 0 0 -0.1559623
23 -2.51837 -7.530342 0 1.570796 0 1.651491
24 8.256622 0.633341 0 0 0 0.008852107
25 103.3853 -29.89403 0 0 0 -0.3162964
26 43.83523 -12.40405 0 0 0 -1.011943
27 -16.4158 -41.94849 0 0 0 0.5673603
28 21.30272 0 0 0 0 0.1734613
29 17.62354 -0.02214819 0 0 0 -0.08564301
30 14.86595 0.04589471 0 0 0 -0.08658794
31 5.81367 -1.631575 -12.01451 -0.3149784 1.064137 -0.2563565
32 5.813787 -1.631573 12.01452 -0.3149785 1.064137 2.885236
33 5.6196 -12.042 -21.408 0 0 -2.114541
34 8.261183 5.11185 -16.13516 0 0 0.5935834
35 21.93254 -15.24135 0 0 0 0.04985449
36 26.77264 3.805277E-06 0 0 0 0
37 5.319719 6.905714E-06 0 0 0 1.086309
38 5.619708 -12.04187 21.408 0 0 1.027052
39 -8.261324 -5.111802 16.13521 0 0 0.2148818
40 -21.9325 15.24135 0 0 0 -0.32886
41 -26.77271 -1.505669E-05 0 0 0 0
42 -5.319727 4.362404E-06 0 0 0 1.086309
time 21
0 0 814.5554 -82.13878 2.817889 0 0
1 0 0 -25.42013 -1.570796 -0.05868836 1.570796
2 -0.9664395 0 0 0 0 2.799781
3 13.09551 4.900476 0 0 0 0
4 -3.737144 24.75081 -37.464 0.1131145 0.5399963 2.502349
5 18.19704 -4.701087E-05 0 2.885457E-08 2.081958E-08 -1.554711
6 27.2952 -0.0001901909 0 1.062861E-07 4.688796E-08 1.484229
7 11.50685 3.721203E-05 0 1.744303E-07 9.767869E-08 0.6816818
8 0 0 0 5.415911E-08 -4.879357E-08 -0.6944906
9 -3.737144 24.75081 37.464 2.786277E-08 0.6008786 -0.9041769
10 -18.19704 4.702087E-05 0 3.232829E-08 2.332598E-08 -1.554711
11 -27.2952 0.0001902305 0 1.149337E-07 4.903581E-08 1.484229
12 -11.50685 -3.721107E-05 0 1.700898E-07 1.006912E-07 0.6816818
13 0 0 0 -2.709918E-08 -4.684839E-08 -0.6944906
14 12.88968 -17.59745 0 -3.141593 0 0
15 4.812697 0 0 0 0 -0.08686121
16 9.673795 0 0 0 0 -0.08686121
17 12.01248 0 0 0 0 -0.08686121
18 11.89191 0 0 0 -1.570451 0
19 0.9499357 0 0 0 0 0
20 21.44688 0 0 0 0 0.191289
21 27.2552 0 0 0 0 0
22 17.80445 10.85627 0 0 0 -0.1559623
23 -2.51837 -7.530342 0 1.570796 0 1.651491
24 8.256622 0.633341 0 0 0 0.01977377
25 103.3853 -29.89403 0 0 0 -0.3162964
26 43.83523 -12.40405 0 0 0 -0.9815141
27 -16.4158 -41.94849 0 0 0 0.5673603
28 21.30272 0 0 0 0 0.1734613
29 17.62354 -0.02214819 0 0 0 -0.08564301
30 14.86595 0.04589471 0 0 0 -0.08658794
31 5.81367 -1.631575 -12.01451 -0.3149784 1.064137 -0.2563565
32 5.813787 -1.631573 12.01452 -0.3149785 1.064137 2.885236
33 5.6196 -12.042 -21.408 0 0 -2.114541
34 8.261183 5.11185 -16.13516 0 0 0.512934
35 21.93254 -15.24135 0 0 0 -0.03080313
36 26.77264 3.805277E-06 0 0 0 0
37 5.319719 6.905714E-06 0 0 0 1.086309
38 5.619708 -12.04187 21.408 0 0 1.027052
39 -8.261324 -5.111802 16.13521 0 0 0.2052977
40 -21.9325 15.24135 0 0 0 -0.3384644
41 -26.77271 -1.505669E-05 0 0 0 0
42 -5.319727 4.362404E-06 0 0 0 1.086309
time 22
0 0 828.4888 -71.66589 3.042602 0 0
1 0 0 -25.42013 -1.570796 -0.05868836 1.570796
2 -0.9664395 0 0 0 0 2.80487
3 13.09551 4.900476 0 0 0 0
4 -3.737144 24.75081 -37.464 0.1131145 0.5399963 2.502349
5 18.19704 -4.701087E-05 0 2.885457E-08 2.081958E-08 -1.540417
6 27.2952 -0.0001901909 0 1.062861E-07 4.688796E-08 1.484229
7 11.50685 3.721203E-05 0 1.744303E-07 9.767869E-08 0.6816818
8 0 0 0 5.415911E-08 -4.879357E-08 -0.6944906
9 -3.737144 24.75081 37.464 2.786277E-08 0.6008786 -0.9041769
10 -18.19704 4.702087E-05 0 3.23283E-08 2.332598E-08 -1.540416
11 -27.2952 0.0001902305 0 1.149337E-07 4.903581E-08 1.484229
12 -11.50685 -3.721107E-05 0 1.700898E-07 1.006912E-07 0.6816818
13 0 0 0 -2.709918E-08 -4.684839E-08 -0.6944906
14 12.88968 -17.59745 0 -3.141593 0 0
15 4.812697 0 0 0 0 -0.0446832
16 9.673795 0 0 0 0 -0.0446832
17 12.01248 0 0 0 0 -0.0446832
18 11.89191 0 0 0 -1.570451 0
19 0.9499357 0 0 0 0 0
20 21.44688 0 0 0 0 0.1739687
21 27.2552 0 0 0 0 0
22 17.80445 10.85627 0 0 0 -0.1559623
23 -2.51837 -7.530342 0 1.570796 0 1.651491
24 8.256622 0.633341 0 0 0 0.05063934
25 103.3853 -29.89403 0 0 0 -0.3162964
26 43.83523 -12.40405 0 0 0 -0.9504274
27 -16.4158 -41.94849 0 0 0 0.5673603
28 21.30272 0 0 0 0 0.1734613
29 17.62354 -0.02214819 0 0 0 -0.08564301
30 14.86595 0.04589471 0 0 0 -0.08658794
31 5.81367 -1.631575 -12.01451 -0.3149784 1.064137 -0.2563565
32 5.813787 -1.631573 12.01452 -0.3149785 1.064137 2.885236
33 5.6196 -12.042 -21.408 0 0 -2.114541
34 8.261183 5.11185 -16.13516 0 0 0.4280767
35 21.93254 -15.24135 0 0 0 -0.115669
36 26.77264 3.805277E-06 0 0 0 0
37 5.319719 6.905714E-06 0 0 0 1.086309
38 5.619708 -12.04187 21.408 0 0 1.027052
39 -8.261324 -5.111802 16.13521 0 0 0.1957135
40 -21.9325 15.24135 0 0 0 -0.3480687
41 -26.77271 -1.505669E-05 0 0 0 0
42 -5.319727 4.362404E-06 0 0 0 1.086309
time 23
0 0 834.0621 -64.30279 -3.01415 0 0
1 0 0 -25.42013 -1.570796 -0.05868836 1.570796
2 -0.9664395 0 0 0 0 2.810115
3 13.09551 4.900476 0 0 0 0
4 -3.737144 24.75081 -37.464 0.1131145 0.5399963 2.502349
5 18.19704 -4.701087E-05 0 2.885457E-08 2.081958E-08 -1.525039
6 27.2952 -0.0001901909 0 1.062861E-07 4.688796E-08 1.484229
7 11.50685 3.721203E-05 0 1.744303E-07 9.767869E-08 0.6816818
8 0 0 0 5.415911E-08 -4.879357E-08 -0.6944906
9 -3.737144 24.75081 37.464 2.786277E-08 0.6008786 -0.9041769
10 -18.19704 4.702087E-05 0 3.232829E-08 2.332598E-08 -1.525039
11 -27.2952 0.0001902305 0 1.149337E-07 4.903581E-08 1.484229
12 -11.50685 -3.721107E-05 0 1.700898E-07 1.006912E-07 0.6816818
13 0 0 0 -2.709918E-08 -4.684839E-08 -0.6944906
14 12.88968 -17.59745 0 -3.141593 0 0
15 4.812697 0 0 0 0 -0.0002355101
16 9.673795 0 0 0 0 -0.0002355101
17 12.01248 0 0 0 0 -0.0002355101
18 11.89191 0 0 0 -1.570451 0
19 0.9499357 0 0 0 0 0
20 21.44688 0 0 0 0 0.1560178
21 27.2552 0 0 0 0 0
22 17.80445 10.85627 0 0 0 -0.1559623
23 -2.51837 -7.530342 0 1.570796 0 1.651491
24 8.256622 0.633341 0 0 0 0.09859969
25 103.3853 -29.89403 0 0 0 -0.3162964
26 43.83523 -12.40405 0 0 0 -0.9189458
27 -16.4158 -41.94849 0 0 0 0.5673603
28 21.30272 0 0 0 0 0.1734613
29 17.62354 -0.02214819 0 0 0 -0.08564301
30 14.86595 0.04589471 0 0 0 -0.08658794
31 5.81367 -1.631575 -12.01451 -0.3149784 1.064137 -0.2563565
32 5.813787 -1.631573 12.01452 -0.3149785 1.064137 2.885236
33 5.6196 -12.042 -21.408 0 0 -2.114541
34 8.261183 5.11185 -16.13516 0 0 0.3474272
35 21.93254 -15.24135 0 0 0 -0.1963266
36 26.77264 3.805277E-06 0 0 0 0
37 5.319719 6.905714E-06 0 0 0 1.086309
38 5.619708 -12.04187 21.408 0 0 1.027052
39 -8.261324 -5.111802 16.13521 0 0 0.2185677
40 -21.9325 15.24135 0 0 0 -0.325214
41 -26.77271 -1.505669E-05 0 0 0 0
42 -5.319727 4.362404E-06 0 0 0 1.086309
time 24
0 0 828.8219 -48.10397 -2.786858 0 0
1 0 0 -25.42013 -1.570796 -0.05868836 1.570796
2 -0.9664395 0 0 0 0 2.815508
3 13.09551 4.900476 0 0 0 0
4 -3.737144 24.75081 -37.464 0.1131145 0.5399963 2.502349
5 18.19704 -4.701087E-05 0 2.885457E-08 2.081958E-08 -1.508658
6 27.2952 -0.0001901909 0 1.062861E-07 4.688796E-08 1.484229
7 11.50685 3.721203E-05 0 1.744303E-07 9.767869E-08 0.6816818
8 0 0 0 5.415911E-08 -4.879357E-08 -0.6944906
9 -3.737144 24.75081 37.464 2.786277E-08 0.6008786 -0.9041769
10 -18.19704 4.702087E-05 0 3.232829E-08 2.332598E-08 -1.508658
11 -27.2952 0.0001902305 0 1.149337E-07 4.903581E-08 1.484229
12 -11.50685 -3.721107E-05 0 1.700898E-07 1.006912E-07 0.6816818
13 0 0 0 -2.709918E-08 -4.684839E-08 -0.6944906
14 12.88968 -17.59745 0 -3.141593 0 0
15 4.812697 0 0 0 0 0.04591443
16 9.673795 0 0 0 0 0.04591443
17 12.01248 0 0 0 0 0.04591443
18 11.89191 0 0 0 -1.570451 0
19 0.9499357 0 0 0 0 0
20 21.44688 0 0 0 0 0.1375764
21 27.2552 0 0 0 0 0
22 17.80445 10.85627 0 0 0 -0.1559623
23 -2.51837 -7.530342 0 1.570796 0 1.651491
24 8.256622 0.633341 0 0 0 0.1608057
25 103.3853 -29.89403 0 0 0 -0.3162964
26 43.83523 -12.40405 0 0 0 -0.8873326
27 -16.4158 -41.94849 0 0 0 0.5673603
28 21.30272 0 0 0 0 0.1734613
29 17.62354 -0.02214819 0 0 0 -0.08564301
30 14.86595 0.04589471 0 0 0 -0.08658794
31 5.81367 -1.631575 -12.01451 -0.3149784 1.064137 -0.2563565
32 5.813787 -1.631573 12.01452 -0.3149785 1.064137 2.885236
33 5.6196 -12.042 -21.408 0 0 -2.114541
34 8.261183 5.11185 -16.13516 0 0 0.2794012
35 21.93254 -15.24135 0 0 0 -0.2643596
36 26.77264 3.805277E-06 0 0 0 0
37 5.319719 6.905714E-06 0 0 0 1.086309
38 5.619708 -12.04187 21.408 0 0 1.027052
39 -8.261324 -5.111802 16.13521 0 0 0.2798167
40 -21.9325 15.24135 0 0 0 -0.2639633
41 -26.77271 -1.505669E-05 0 0 0 0
42 -5.319727 4.362404E-06 0 0 0 1.086309
time 25
0 0 823.5817 -31.90516 -2.559566 0 0
1 0 0 -25.42013 -1.570796 -0.05868836 1.570796
2 -0.9664395 0 0 0 0 2.821042
3 13.09551 4.900476 0 0 0 0
4 -3.737144 24.75081 -37.464 0.1131145 0.5399963 2.502349
5 18.19704 -4.701087E-05 0 2.885457E-08 2.081958E-08 -1.491354
6 27.2952 -0.0001901909 0 1.062861E-07 4.688796E-08 1.484229
7 11.50685 3.721203E-05 0 1.744303E-07 9.767869E-08 0.6816818
8 0 0 0 5.415911E-08 -4.879357E-08 -0.6944906
9 -3.737144 24.75081 37.464 2.786277E-08 0.6008786 -0.9041769
10 -18.19704 4.702087E-05 0 3.23283E-08 2.332598E-08 -1.491354
11 -27.2952 0.0001902305 0 1.149337E-07 4.903581E-08 1.484229
12 -11.50685 -3.721107E-05 0 1.700898E-07 1.006912E-07 0.6816818
13 0 0 0 -2.709918E-08 -4.684839E-08 -0.6944906
14 12.88968 -17.59745 0 -3.141593 0 0
15 4.812697 0 0 0 0 0.09319924
16 9.673795 0 0 0 0 0.09319924
17 12.01248 0 0 0 0 0.09319924
18 11.89191 0 0 0 -1.570451 0
19 0.9499357 0 0 0 0 0
20 21.44688 0 0 0 0 0.1187846
21 27.2552 0 0 0 0 0
22 17.80445 10.85627 0 0 0 -0.1559623
23 -2.51837 -7.530342 0 1.570796 0 1.651491
24 8.256622 0.633341 0 0 0 0.2344082
25 103.3853 -29.89403 0 0 0 -0.3162964
26 43.83523 -12.40405 0 0 0 -0.855851
27 -16.4158 -41.94849 0 0 0 0.5673603
28 21.30272 0 0 0 0 0.1734613
29 17.62354 -0.02214819 0 0 0 -0.08564301
30 14.86595 0.04589471 0 0 0 -0.08658794
31 5.81367 -1.631575 -12.01451 -0.3149784 1.064137 -0.2563565
32 5.813787 -1.631573 12.01452 -0.3149785 1.064137 2.885236
33 5.6196 -12.042 -21.408 0 0 -2.114541
34 8.261183 5.11185 -16.13516 0 0 0.2324141
35 21.93254 -15.24135 0 0 0 -0.3113514
36 26.77264 3.805277E-06 0 0 0 0
37 5.319719 6.905714E-06 0 0 0 1.086309
38 5.619708 -12.04187 21.408 0 0 1.027052
39 -8.261324 -5.111802 16.13521 0 0 0.3684908
40 -21.9325 15.24135 0 0 0 -0.1752869
41 -26.77271 -1.505669E-05 0 0 0 0
42 -5.319727 4.362404E-06 0 0 0 1.086309
time 26
0 0 814.081 -24.54206 -2.333133 0 0
1 0 0 -25.42013 -1.570796 -0.05868836 1.570796
2 -0.9664395 0 0 0 0 2.82671
3 13.09551 4.900476 0 0 0 0
4 -3.737144 24.75081 -37.464 0.1131145 0.5399963 2.502349
5 18.19704 -4.701087E-05 0 2.885457E-08 2.081958E-08 -1.473207
6 27.2952 -0.0001901909 0 1.062861E-07 4.688796E-08 1.484229
7 11.50685 3.721203E-05 0 1.744303E-07 9.767869E-08 0.6816818
8 0 0 0 5.415911E-08 -4.879357E-08 -0.6944906
9 -3.737144 24.75081 37.464 2.786277E-08 0.6008786 -0.9041769
10 -18.19704 4.702087E-05 0 3.232829E-08 2.332598E-08 -1.473207
11 -27.2952 0.0001902305 0 1.149337E-07 4.903581E-08 1.484229
12 -11.50685 -3.721107E-05 0 1.700898E-07 1.006912E-07 0.6816818
13 0 0 0 -2.709918E-08 -4.684839E-08 -0.6944906
14 12.88968 -17.59745 0 -3.141593 0 0
15 4.812697 0 0 0 0 0.1410514
16 9.673795 0 0 0 0 0.1410514
17 12.01248 0 0 0 0 0.1410514
18 11.89191 0 0 0 -1.570451 0
19 0.9499357 0 0 0 0 0
20 21.44688 0 0 0 0 0.09978252
21 27.2552 0 0 0 0 0
22 17.80445 10.85627 0 0 0 -0.1559623
23 -2.51837 -7.530342 0 1.570796 0 1.651491
24 8.256622 0.633341 0 0 0 0.3165581
25 103.3853 -29.89403 0 0 0 -0.3162964
26 43.83523 -12.40405 0 0 0 -0.8247643
27 -16.4158 -41.94849 0 0 0 0.5673603
28 21.30272 0 0 0 0 0.1734613
29 17.62354 -0.02214819 0 0 0 -0.08564301
30 14.86595 0.04589471 0 0 0 -0.08658794
31 5.81367 -1.631575 -12.01451 -0.3149784 1.064137 -0.2563565
32 5.813787 -1.631573 12.01452 -0.3149785 1.064137 2.885236
33 5.6196 -12.042 -21.408 0 0 -2.114541
34 8.261183 5.11185 -16.13516 0 0 0.2148816
35 21.93254 -15.24135 0 0 0 -0.3288857
36 26.77264 3.805277E-06 0 0 0 0
37 5.319719 6.905714E-06 0 0 0 1.086309
38 5.619708 -12.04187 21.408 0 0 1.027052
39 -8.261324 -5.111802 16.13521 0 0 0.4736198
40 -21.9325 15.24135 0 0 0 -0.0701551
41 -26.77271 -1.505669E-05 0 0 0 0
42 -5.319727 4.362404E-06 0 0 0 1.086309
time 27
0 0 791.4254 -22.69914 -2.10842 0 0
1 0 0 -25.42013 -1.570796 -0.05868836 1.570796
2 -0.9664395 0 0 0 0 2.832504
3 13.09551 4.900476 0 0 0 0
4 -3.737144 24.75081 -37.464 0.1131145 0.5399963 2.502349
5 18.19704 -4.701087E-05 0 2.885457E-08 2.081958E-08 -1.454298
6 27.2952 -0.0001901909 0 1.062861E-07 4.688796E-08 1.484229
7 11.50685 3.721203E-05 0 1.744303E-07 9.767869E-08 0.6816818
8 0 0 0 5.415911E-08 -4.879357E-08 -0.6944906
9 -3.737144 24.75081 37.464 2.786277E-08 0.6008786 -0.9041769
10 -18.19704 4.702087E-05 0 3.23283E-08 2.332598E-08 -1.454297
11 -27.2952 0.0001902305 0 1.149337E-07 4.903581E-08 1.484229
12 -11.50685 -3.721107E-05 0 1.700898E-07 1.006912E-07 0.6816818
13 0 0 0 -2.709918E-08 -4.684839E-08 -0.6944906
14 12.88968 -17.59745 0 -3.141593 0 0
15 4.812697 0 0 0 0 0.1889036
16 9.673795 0 0 0 0 0.1889036
17 12.01248 0 0 0 0 0.1889036
18 11.89191 0 0 0 -1.570451 0
19 0.9499357 0 0 0 0 0
20 21.44688 0 0 0 0 0.08071041
21 27.2552 0 0 0 0 0
22 17.80445 10.85627 0 0 0 -0.1559623
23 -2.51837 -7.530342 0 1.570796 0 1.651491
24 8.256622 0.633341 0 0 0 0.4044063
25 103.3853 -29.89403 0 0 0 -0.3162964
26 43.83523 -12.40405 0 0 0 -0.7943357
27 -16.4158 -41.94849 0 0 0 0.5673603
28 21.30272 0 0 0 0 0.1734613
29 17.62354 -0.02214819 0 0 0 -0.08564301
30 14.86595 0.04589471 0 0 0 -0.08658794
31 5.81367 -1.631575 -12.01451 -0.3149784 1.064137 -0.2563565
32 5.813787 -1.631573 12.01452 -0.3149785 1.064137 2.885236
33 5.6196 -12.042 -21.408 0 0 -2.114541
34 8.261183 5.11185 -16.13516 0 0 0.2052974
35 21.93254 -15.24135 0 0 0 -0.3384661
36 26.77264 3.805277E-06 0 0 0 0
37 5.319719 6.905714E-06 0 0 0 1.086309
38 5.619708 -12.04187 21.408 0 0 1.027052
39 -8.261324 -5.111802 16.13521 0 0 0.5842339
40 -21.9325 15.24135 0 0 0 0.04046188
41 -26.77271 -1.505669E-05 0 0 0 0
42 -5.319727 4.362404E-06 0 0 0 1.086309
time 28
0 0 764.3848 -19.27659 -1.886286 0 0
1 0 0 -25.42013 -1.570796 -0.05868836 1.570796
2 -0.9664395 0 0 0 0 2.838417
3 13.09551 4.900476 0 0 0 0
4 -3.737144 24.75081 -37.464 0.1131145 0.5399963 2.502349
5 18.19704 -4.701087E-05 0 2.885457E-08 2.081958E-08 -1.434706
6 27.2952 -0.0001901909 0 1.062861E-07 4.688796E-08 1.484229
7 11.50685 3.721203E-05 0 1.744303E-07 9.767869E-08 0.6816818
8 0 0 0 5.415911E-08 -4.879357E-08 -0.6944906
9 -3.737144 24.75081 37.464 2.786277E-08 0.6008786 -0.9041769
10 -18.19704 4.702087E-05 0 3.232829E-08 2.332598E-08 -1.434706
11 -27.2952 0.0001902305 0 1.149337E-07 4.903581E-08 1.484229
12 -11.50685 -3.721107E-05 0 1.700898E-07 1.006912E-07 0.6816818
13 0 0 0 -2.709918E-08 -4.684839E-08 -0.6944906
14 12.88968 -17.59745 0 -3.141593 0 0
15 4.812697 0 0 0 0 0.2361884
16 9.673795 0 0 0 0 0.2361884
17 12.01248 0 0 0 0 0.2361884
18 11.89191 0 0 0 -1.570451 0
19 0.9499357 0 0 0 0 0
20 21.44688 0 0 0 0 0.06170835
21 27.2552 0 0 0 0 0
22 17.80445 10.85627 0 0 0 -0.1559623
23 -2.51837 -7.530342 0 1.570796 0 1.651491
24 8.256622 0.633341 0 0 0 0.4951036
25 103.3853 -29.89403 0 0 0 -0.3162964
26 43.83523 -12.40405 0 0 0 -0.7648287
27 -16.4158 -41.94849 0 0 0 0.5673603
28 21.30272 0 0 0 0 0.1734613
29 17.62354 -0.02214819 0 0 0 -0.08564301
30 14.86595 0.04589471 0 0 0 -0.08658794
31 5.81367 -1.631575 -12.01451 -0.3149784 1.064137 -0.2563565
32 5.813787 -1.631573 12.01452 -0.3149785 1.064137 2.885236
33 5.6196 -12.042 -21.408 0 0 -2.114541
34 8.261183 5.11185 -16.13516 0 0 0.1957133
35 21.93254 -15.24135 0 0 0 -0.3480466
36 26.77264 3.805277E-06 0 0 0 0
37 5.319719 6.905714E-06 0 0 0 1.086309
38 5.619708 -12.04187 21.408 0 0 1.027052
39 -8.261324 -5.111802 16.13521 0 0 0.6893629
40 -21.9325 15.24135 0 0 0 0.1455937
41 -26.77271 -1.505669E-05 0 0 0 0
42 -5.319727 4.362404E-06 0 0 0 1.086309
time 29
0 0 741.7292 -17.43367 -1.667593 0 0
1 0 0 -25.42013 -1.570796 -0.05868836 1.570796
2 -0.9664395 0 0 0 0 2.844442
3 13.09551 4.900476 0 0 0 0
4 -3.737144 24.75081 -37.464 0.1131145 0.5399963 2.502349
5 18.19704 -4.701087E-05 0 2.885457E-08 2.081958E-08 -1.414512
6 27.2952 -0.0001901909 0 1.062861E-07 4.688796E-08 1.484229
7 11.50685 3.721203E-05 0 1.744303E-07 9.767869E-08 0.6816818
8 0 0 0 5.415911E-08 -4.879357E-08 -0.6944906
9 -3.737144 24.75081 37.464 2.786277E-08 0.6008786 -0.9041769
10 -18.19704 4.702087E-05 0 3.232829E-08 2.332598E-08 -1.414512
11 -27.2952 0.0001902305 0 1.149337E-07 4.903581E-08 1.484229
12 -11.50685 -3.721107E-05 0 1.700898E-07 1.006912E-07 0.6816818
13 0 0 0 -2.709918E-08 -4.684839E-08 -0.6944906
14 12.88968 -17.59745 0 -3.141593 0 0
15 4.812697 0 0 0 0 0.2823384
16 9.673795 0 0 0 0 0.2823384
17 12.01248 0 0 0 0 0.2823384
18 11.89191 0 0 0 -1.570451 0
19 0.9499357 0 0 0 0 0
20 21.44688 0 0 0 0 0.04291651
21 27.2552 0 0 0 0 0
22 17.80445 10.85627 0 0 0 -0.1559623
23 -2.51837 -7.530342 0 1.570796 0 1.651491
24 8.256622 0.633341 0 0 0 0.5858008
25 103.3853 -29.89403 0 0 0 -0.3162964
26 43.83523 -12.40405 0 0 0 -0.7365062
27 -16.4158 -41.94849 0 0 0 0.5673603
28 21.30272 0 0 0 0 0.1734613
29 17.62354 -0.02214819 0 0 0 -0.08564301
30 14.86595 0.04589471 0 0 0 -0.08658794
31 5.81367 -1.631575 -12.01451 -0.3149784 1.064137 -0.2563565
32 5.813787 -1.631573 12.01452 -0.3149785 1.064137 2.885236
33 5.6196 -12.042 -21.408 0 0 -2.114541
34 8.261183 5.11185 -16.13516 0 0 0.2185675
35 21.93254 -15.24135 0 0 0 -0.3251913
36 26.77264 3.805277E-06 0 0 0 0
37 5.319719 6.905714E-06 0 0 0 1.086309
38 5.619708 -12.04187 21.408 0 0 1.027052
39 -8.261324 -5.111802 16.13521 0 0 0.778037
40 -21.9325 15.24135 0 0 0 0.2342701
41 -26.77271 -1.505669E-05 0 0 0 0
42 -5.319727 4.362404E-06 0 0 0 1.086309
time 30
0 0 732.2285 -24.22165 -1.453198 0 0
1 0 0 -25.42013 -1.570796 -0.05868836 1.570796
2 -0.9664395 0 0 0 0 2.850573
3 13.09551 4.900476 0 0 0 0
4 -3.737144 24.75081 -37.464 0.1131145 0.5399963 2.502349
5 18.19704 -4.701087E-05 0 2.885457E-08 2.081958E-08 -1.393797
6 27.2952 -0.0001901909 0 1.062861E-07 4.688796E-08 1.484229
7 11.50685 3.721203E-05 0 1.744303E-07 9.767869E-08 0.6816818
8 0 0 0 5.415911E-08 -4.879357E-08 -0.6944906
9 -3.737144 24.75081 37.464 2.786277E-08 0.6008786 -0.9041769
10 -18.19704 4.702087E-05 0 3.232829E-08 2.332598E-08 -1.393797
11 -27.2952 0.0001902305 0 1.149337E-07 4.903581E-08 1.484229
12 -11.50685 -3.721107E-05 0 1.700898E-07 1.006912E-07 0.6816818
13 0 0 0 -2.709918E-08 -4.684839E-08 -0.6944906
14 12.88968 -17.59745 0 -3.141593 0 0
15 4.812697 0 0 0 0 0.3267861
16 9.673795 0 0 0 0 0.3267861
17 12.01248 0 0 0 0 0.3267861
18 11.89191 0 0 0 -1.570451 0
19 0.9499357 0 0 0 0 0
20 21.44688 0 0 0 0 0.02447508
21 27.2552 0 0 0 0 0
22 17.80445 10.85627 0 0 0 -0.1559623
23 -2.51837 -7.530342 0 1.570796 0 1.651491
24 8.256622 0.633341 0 0 0 0.673649
25 103.3853 -29.89403 0 0 0 -0.3162964
26 43.83523 -12.40405 0 0 0 -0.7096316
27 -16.4158 -41.94849 0 0 0 0.5673603
28 21.30272 0 0 0 0 0.1734613
29 17.62354 -0.02214819 0 0 0 -0.08564301
30 14.86595 0.04589471 0 0 0 -0.08658794
31 5.81367 -1.631575 -12.01451 -0.3149784 1.064137 -0.2563565
32 5.813787 -1.631573 12.01452 -0.3149785 1.064137 2.885236
33 5.6196 -12.042 -21.408 0 0 -2.114541
34 8.261183 5.11185 -16.13516 0 0 0.2798166
35 21.93254 -15.24135 0 0 0 -0.2639391
36 26.77264 3.805277E-06 0 0 0 0
37 5.319719 6.905714E-06 0 0 0 1.086309
38 5.619708 -12.04187 21.408 0 0 1.027052
39 -8.261324 -5.111802 16.13521 0 0 0.8392859
40 -21.9325 15.24135 0 0 0 0.2955208
41 -26.77271 -1.505669E-05 0 0 0 0
42 -5.319727 4.362404E-06 0 0 0 1.086309
time 31
0 0 713.2885 -36.82791 -1.243963 0 0
1 0 0 -25.42013 -1.570796 -0.05868836 1.570796
2 -0.9664395 0 0 0 0 2.8568
3 13.09551 4.900476 0 0 0 0
4 -3.737144 24.75081 -37.464 0.1131145 0.5399963 2.502349
5 18.19704 -4.701087E-05 0 2.885457E-08 2.081958E-08 -1.37264
6 27.2952 -0.0001901909 0 1.062861E-07 4.688796E-08 1.484229
7 11.50685 3.721203E-05 0 1.744303E-07 9.767869E-08 0.6816818
8 0 0 0 5.415911E-08 -4.879357E-08 -0.6944906
9 -3.737144 24.75081 37.464 2.786277E-08 0.6008786 -0.9041769
10 -18.19704 4.702087E-05 0 3.232829E-08 2.332598E-08 -1.37264
11 -27.2952 0.0001902305 0 1.149337E-07 4.903581E-08 1.484229
12 -11.50685 -3.721107E-05 0 1.700898E-07 1.006912E-07 0.6816818
13 0 0 0 -2.709918E-08 -4.684839E-08 -0.6944906
14 12.88968 -17.59745 0 -3.141593 0 0
15 4.812697 0 0 0 0 0.368964
16 9.673795 0 0 0 0 0.368964
17 12.01248 0 0 0 0 0.368964
18 11.89191 0 0 0 -1.570451 0
19 0.9499357 0 0 0 0 0
20 21.44688 0 0 0 0 0.006524185
21 27.2552 0 0 0 0 0
22 17.80445 10.85627 0 0 0 -0.1559623
23 -2.51837 -7.530342 0 1.570796 0 1.651491
24 8.256622 0.633341 0 0 0 0.7557989
25 103.3853 -29.89403 0 0 0 -0.3162964
26 43.83523 -12.40405 0 0 0 -0.6844683
27 -16.4158 -41.94849 0 0 0 0.5673603
28 21.30272 0 0 0 0 0.1734613
29 17.62354 -0.02214819 0 0 0 -0.08564301
30 14.86595 0.04589471 0 0 0 -0.08658794
31 5.81367 -1.631575 -12.01451 -0.3149784 1.064137 -0.2563565
32 5.813787 -1.631573 12.01452 -0.3149785 1.064137 2.885236
33 5.6196 -12.042 -21.408 0 0 -2.114541
34 8.261183 5.11185 -16.13516 0 0 0.3684907
35 21.93254 -15.24135 0 0 0 -0.1752606
36 26.77264 3.805277E-06 0 0 0 0
37 5.319719 6.905714E-06 0 0 0 1.086309
38 5.619708 -12.04187 21.408 0 0 1.027052
39 -8.261324 -5.111802 16.13521 0 0 0.8621401
40 -21.9325 15.24135 0 0 0 0.3183755
41 -26.77271 -1.505669E-05 0 0 0 0
42 -5.319727 4.362404E-06 0 0 0 1.086309
time 32
0 0 678.1141 -43.61589 -1.040747 0 0
1 0 0 -25.42013 -1.570796 -0.05868836 1.570796
2 -0.9664395 0 0 0 0 2.863119
3 13.09551 4.900476 0 0 0 0
4 -3.737144 24.75081 -37.464 0.1131145 0.5399963 2.502349
5 18.19704 -4.701087E-05 0 2.885457E-08 2.081958E-08 -1.351122
6 27.2952 -0.0001901909 0 1.062861E-07 4.688796E-08 1.484229
7 11.50685 3.721203E-05 0 1.744303E-07 9.767869E-08 0.6816818
8 0 0 0 5.415911E-08 -4.879357E-08 -0.6944906
9 -3.737144 24.75081 37.464 2.786277E-08 0.6008786 -0.9041769
10 -18.19704 4.702087E-05 0 3.232829E-08 2.332598E-08 -1.351122
11 -27.2952 0.0001902305 0 1.149337E-07 4.903581E-08 1.484229
12 -11.50685 -3.721107E-05 0 1.700898E-07 1.006912E-07 0.6816818
13 0 0 0 -2.709918E-08 -4.684839E-08 -0.6944906
14 12.88968 -17.59745 0 -3.141593 0 0
15 4.812697 0 0 0 0 0.408305
16 9.673795 0 0 0 0 0.408305
17 12.01248 0 0 0 0 0.408305
18 11.89191 0 0 0 -1.570451 0
19 0.9499357 0 0 0 0 0
20 21.44688 0 0 0 0 -0.01079607
21 27.2552 0 0 0 0 0
22 17.80445 10.85627 0 0 0 -0.1559623
23 -2.51837 -7.530342 0 1.570796 0 1.651491
24 8.256622 0.633341 0 0 0 0.8294014
25 103.3853 -29.89403 0 0 0 -0.3162964
26 43.83523 -12.40405 0 0 0 -0.6612793
27 -16.4158 -41.94849 0 0 0 0.5673603
28 21.30272 0 0 0 0 0.1734613
29 17.62354 -0.02214819 0 0 0 -0.08564301
30 14.86595 0.04589471 0 0 0 -0.08658794
31 5.81367 -1.631575 -12.01451 -0.3149784 1.064137 -0.2563565
32 5.813787 -1.631573 12.01452 -0.3149785 1.064137 2.885236
33 5.6196 -12.042 -21.408 0 0 -2.114541
34 8.261183 5.11185 -16.13516 0 0 0.4736198
35 21.93254 -15.24135 0 0 0 -0.07012634
36 26.77264 3.805277E-06 0 0 0 0
37 5.319719 6.905714E-06 0 0 0 1.086309
38 5.619708 -12.04187 21.408 0 0 1.027052
39 -8.261324 -5.111802 16.13521 0 0 0.8609197
40 -21.9325 15.24135 0 0 0 0.324696
41 -26.77271 -1.505669E-05 0 0 0 0
42 -5.319727 4.362404E-06 0 0 0 1.086309
time 33
0 0 659.174 -53.75407 -0.8444101 0 0
1 0 0 -25.42013 -1.570796 -0.05868836 1.570796
2 -0.9664395 0 0 0 0 2.86952
3 13.09551 4.900476 0 0 0 0
4 -3.737144 24.75081 -37.464 0.1131145 0.5399963 2.502349
5 18.19704 -4.701087E-05 0 2.885457E-08 2.081958E-08 -1.329323
6 27.2952 -0.0001901909 0 1.062861E-07 4.688796E-08 1.484229
7 11.50685 3.721203E-05 0 1.744303E-07 9.767869E-08 0.6816818
8 0 0 0 5.415911E-08 -4.879357E-08 -0.6944906
9 -3.737144 24.75081 37.464 2.786277E-08 0.6008786 -0.9041769
10 -18.19704 4.702087E-05 0 3.232829E-08 2.332598E-08 -1.329323
11 -27.2952 0.0001902305 0 1.149337E-07 4.903581E-08 1.484229
12 -11.50685 -3.721107E-05 0 1.700898E-07 1.006912E-07 0.6816818
13 0 0 0 -2.709918E-08 -4.684839E-08 -0.6944906
14 12.88968 -17.59745 0 -3.141593 0 0
15 4.812697 0 0 0 0 0.4442414
16 9.673795 0 0 0 0 0.4442414
17 12.01248 0 0 0 0 0.4442414
18 11.89191 0 0 0 -1.570451 0
19 0.9499357 0 0 0 0 0
20 21.44688 0 0 0 0 -0.0273455
21 27.2552 0 0 0 0 0
22 17.80445 10.85627 0 0 0 -0.1559623
23 -2.51837 -7.530342 0 1.570796 0 1.651491
24 8.256622 0.633341 0 0 0 0.8916074
25 103.3853 -29.89403 0 0 0 -0.3162964
26 43.83523 -12.40405 0 0 0 -0.6403283
27 -16.4158 -41.94849 0 0 0 0.5673603
28 21.30272 0 0 0 0 0.1734613
29 17.62354 -0.02214819 0 0 0 -0.08564301
30 14.86595 0.04589471 0 0 0 -0.08658794
31 5.81367 -1.631575 -12.01451 -0.3149784 1.064137 -0.2563565
32 5.813787 -1.631573 12.01452 -0.3149785 1.064137 2.885236
33 5.6196 -12.042 -21.408 0 0 -2.114541
34 8.261183 5.11185 -16.13516 0 0 0.5842339
35 21.93254 -15.24135 0 0 0 0.04049325
36 26.77264 3.805277E-06 0 0 0 0
37 5.319719 6.905714E-06 0 0 0 1.086309
38 5.619708 -12.04187 21.408 0 0 1.027052
39 -8.261324 -5.111802 16.13521 0 0 0.8582347
40 -21.9325 15.24135 0 0 0 0.3310165
41 -26.77271 -1.505669E-05 0 0 0 0
42 -5.319727 4.362404E-06 0 0 0 1.086309
time 34
0 0 642.7962 -76.05807 -0.6558118 0 0
1 0 0 -25.42013 -1.570796 -0.05868836 1.570796
2 -0.9664395 0 0 0 0 2.875997
3 13.09551 4.900476 0 0 0 0
4 -3.737144 24.75081 -37.464 0.1131145 0.5399963 2.502349
5 18.19704 -4.701087E-05 0 2.885457E-08 2.081958E-08 -1.307323
6 27.2952 -0.0001901909 0 1.062861E-07 4.688796E-08 1.484229
7 11.50685 3.721203E-05 0 1.744303E-07 9.767869E-08 0.6816818
8 0 0 0 5.415911E-08 -4.879357E-08 -0.6944906
9 -3.737144 24.75081 37.464 2.786277E-08 0.6008786 -0.9041769
10 -18.19704 4.702087E-05 0 3.232829E-08 2.332598E-08 -1.307323
11 -27.2952 0.0001902305 0 1.149337E-07 4.903581E-08 1.484229
12 -11.50685 -3.721107E-05 0 1.700898E-07 1.006912E-07 0.6816818
13 0 0 0 -2.709918E-08 -4.684839E-08 -0.6944906
14 12.88968 -17.59745 0 -3.141593 0 0
15 4.812697 0 0 0 0 0.4762059
16 9.673795 0 0 0 0 0.4762059
17 12.01248 0 0 0 0 0.4762059
18 11.89191 0 0 0 -1.570451 0
19 0.9499357 0 0 0 0 0
20 21.44688 0 0 0 0 -0.04298393
21 27.2552 0 0 0 0 0
22 17.80445 10.85627 0 0 0 -0.1559623
23 -2.51837 -7.530342 0 1.570796 0 1.651491
24 8.256622 0.633341 0 0 0 0.9395679
25 103.3853 -29.89403 0 0 0 -0.3162964
26 43.83523 -12.40405 0 0 0 -0.621878
27 -16.4158 -41.94849 0 0 0 0.5673603
28 21.30272 0 0 0 0 0.1734613
29 17.62354 -0.02214819 0 0 0 -0.08564301
30 14.86595 0.04589471 0 0 0 -0.08658794
31 5.81367 -1.631575 -12.01451 -0.3149784 1.064137 -0.2563565
32 5.813787 -1.631573 12.01452 -0.3149785 1.064137 2.885236
33 5.6196 -12.042 -21.408 0 0 -2.114541
34 8.261183 5.11185 -16.13516 0 0 0.6893629
35 21.93254 -15.24135 0 0 0 0.1456275
36 26.77264 3.805277E-06 0 0 0 0
37 5.319719 6.905714E-06 0 0 0 1.086309
38 5.619708 -12.04187 21.408 0 0 1.027052
39 -8.261324 -5.111802 16.13521 0 0 0.8555498
40 -21.9325 15.24135 0 0 0 0.2981882
41 -26.77271 -1.505669E-05 0 0 0 0
42 -5.319727 4.362404E-06 0 0 0 1.086309
time 35
0 0 606.765 -98.36208 -0.4758123 0 0
1 0 0 -25.42013 -1.570796 -0.05868836 1.570796
2 -0.9664395 0 0 0 0 2.882543
3 13.09551 4.900476 0 0 0 0
4 -3.737144 24.75081 -37.464 0.1131145 0.5399963 2.502349
5 18.19704 -4.701087E-05 0 2.885457E-08 2.081958E-08 -1.285203
6 27.2952 -0.0001901909 0 1.062861E-07 4.688796E-08 1.484229
7 11.50685 3.721203E-05 0 1.744303E-07 9.767869E-08 0.6816818
8 0 0 0 5.415911E-08 -4.879357E-08 -0.6944906
9 -3.737144 24.75081 37.464 2.786277E-08 0.6008786 -0.9041769
10 -18.19704 4.702087E-05 0 3.23283E-08 2.332598E-08 -1.285203
11 -27.2952 0.0001902305 0 1.149337E-07 4.903581E-08 1.484229
12 -11.50685 -3.721107E-05 0 1.700898E-07 1.006912E-07 0.6816818
13 0 0 0 -2.709918E-08 -4.684839E-08 -0.6944906
14 12.88968 -17.59745 0 -3.141593 0 0
15 4.812697 0 0 0 0 0.5036311
16 9.673795 0 0 0 0 0.5036311
17 12.01248 0 0 0 0 0.5036311
18 11.89191 0 0 0 -1.570451 0
19 0.9499357 0 0 0 0 0
20 21.44688 0 0 0 0 -0.05757122
21 27.2552 0 0 0 0 0
22 17.80445 10.85627 0 0 0 -0.1559623
23 -2.51837 -7.530342 0 1.570796 0 1.651491
24 8.256622 0.633341 0 0 0 0.9704334
25 103.3853 -29.89403 0 0 0 -0.3162964
26 43.83523 -12.40405 0 0 0 -0.6061921
27 -16.4158 -41.94849 0 0 0 0.5673603
28 21.30272 0 0 0 0 0.1734613
29 17.62354 -0.02214819 0 0 0 -0.08564301
30 14.86595 0.04589471 0 0 0 -0.08658794
31 5.81367 -1.631575 -12.01451 -0.3149784 1.064137 -0.2563565
32 5.813787 -1.631573 12.01452 -0.3149785 1.064137 2.885236
33 5.6196 -12.042 -21.408 0 0 -2.114541
34 8.261183 5.11185 -16.13516 0 0 0.778037
35 21.93254 -15.24135 0 0 0 0.2343061
36 26.77264 3.805277E-06 0 0 0 0
37 5.319719 6.905714E-06 0 0 0 1.086309
38 5.619708 -12.04187 21.408 0 0 1.027052
39 -8.261324 -5.111802 16.13521 0 0 0.8543293
40 -21.9325 15.24135 0 0 0 0.2090829
41 -26.77271 -1.505669E-05 0 0 0 0
42 -5.319727 4.362404E-06 0 0 0 1.086309
time 36
0 0 570.7338 -108.5003 -0.3052714 0 0
1 0 0 -25.42013 -1.570796 -0.05868836 1.570796
2 -0.9664395 0 0 0 0 2.88915
3 13.09551 4.900476 0 0 0 0
4 -3.737144 24.75081 -37.464 0.1131145 0.5399963 2.502349
5 18.19704 -4.701087E-05 0 2.885457E-08 2.081958E-08 -1.263043
6 27.2952 -0.0001901909 0 1.062861E-07 4.688796E-08 1.484229
7 11.50685 3.721203E-05 0 1.744303E-07 9.767869E-08 0.6816818
8 0 0 0 5.415911E-08 -4.879357E-08 -0.6944906
9 -3.737144 24.75081 37.464 2.786277E-08 0.6008786 -0.9041769
10 -18.19704 4.702087E-05 0 3.232829E-08 2.332598E-08 -1.263043
11 -27.2952 0.0001902305 0 1.149337E-07 4.903581E-08 1.484229
12 -11.50685 -3.721107E-05 0 1.700898E-07 1.006912E-07 0.6816818
13 0 0 0 -2.709918E-08 -4.684839E-08 -0.6944906
14 12.88968 -17.59745 0 -3.141593 0 0
15 4.812697 0 0 0 0 0.5259495
16 9.673795 0 0 0 0 0.5259495
17 12.01248 0 0 0 0 0.5259495
18 11.89191 0 0 0 -1.570451 0
19 0.9499357 0 0 0 0 0
20 21.44688 0 0 0 0 -0.07096726
21 27.2552 0 0 0 0 0
22 17.80445 10.85627 0 0 0 -0.1559623
23 -2.51837 -7.530342 0 1.570796 0 1.651491
24 8.256622 0.633341 0 0 0 0.9813551
25 103.3853 -29.89403 0 0 0 -0.3162964
26 43.83523 -12.40405 0 0 0 -0.5935337
27 -16.4158 -41.94849 0 0 0 0.5673603
28 21.30272 0 0 0 0 0.1734613
29 17.62354 -0.02214819 0 0 0 -0.08564301
30 14.86595 0.04589471 0 0 0 -0.08658794
31 5.81367 -1.631575 -12.01451 -0.3149784 1.064137 -0.2563565
32 5.813787 -1.631573 12.01452 -0.3149785 1.064137 2.885236
33 5.6196 -12.042 -21.408 0 0 -2.114541
34 8.261183 5.11185 -16.13516 0 0 0.8392861
35 21.93254 -15.24135 0 0 0 0.2955582
36 26.77264 3.805277E-06 0 0 0 0
37 5.319719 6.905714E-06 0 0 0 1.086309
38 5.619708 -12.04187 21.408 0 0 1.027052
39 -8.261324 -5.111802 16.13521 0 0 0.8413138
40 -21.9325 15.24135 0 0 0 0.07776969
41 -26.77271 -1.505669E-05 0 0 0 0
42 -5.319727 4.362404E-06 0 0 0 1.086309
time 37
0 0 554.356 -118.7746 -0.1450488 0 0
1 0 0 -25.42013 -1.570796 -0.05868836 1.570796
2 -0.9664395 0 0 0 0 2.895812
3 13.09551 4.900476 0 0 0 0
4 -3.737144 24.75081 -37.464 0.1131145 0.5399963 2.502349
5 18.19704 -4.701087E-05 0 2.885457E-08 2.081958E-08 -1.240923
6 27.2952 -0.0001901909 0 1.062861E-07 4.688796E-08 1.484229
7 11.50685 3.721203E-05 0 1.744303E-07 9.767869E-08 0.6816818
8 0 0 0 5.415911E-08 -4.879357E-08 -0.6944906
9 -3.737144 24.75081 37.464 2.786277E-08 0.6008786 -0.9041769
10 -18.19704 4.702087E-05 0 3.23283E-08 2.332598E-08 -1.240923
11 -27.2952 0.0001902305 0 1.149337E-07 4.903581E-08 1.484229
12 -11.50685 -3.721107E-05 0 1.700898E-07 1.006912E-07 0.6816818
13 0 0 0 -2.709918E-08 -4.684839E-08 -0.6944906
14 12.88968 -17.59745 0 -3.141593 0 0
15 4.812697 0 0 0 0 0.5425938
16 9.673795 0 0 0 0 0.5425938
17 12.01248 0 0 0 0 0.5425938
18 11.89191 0 0 0 -1.570451 0
19 0.9499357 0 0 0 0 0
20 21.44688 0 0 0 0 -0.08303189
21 27.2552 0 0 0 0 0
22 17.80445 10.85627 0 0 0 -0.1559623
23 -2.51837 -7.530342 0 1.570796 0 1.651491
24 8.256622 0.633341 0 0 0 0.9902105
25 103.3853 -29.89403 0 0 0 -0.3162964
26 43.83523 -12.40405 0 0 0 -0.5841659
27 -16.4158 -41.94849 0 0 0 0.5673603
28 21.30272 0 0 0 0 0.1734613
29 17.62354 -0.02214819 0 0 0 -0.08564301
30 14.86595 0.04589471 0 0 0 -0.08658794
31 5.81367 -1.631575 -12.01451 -0.3149784 1.064137 -0.2563565
32 5.813787 -1.631573 12.01452 -0.3149785 1.064137 2.885236
33 5.6196 -12.042 -21.408 0 0 -2.114541
34 8.261183 5.11185 -16.13516 0 0 0.8621403
35 21.93254 -15.24135 0 0 0 0.3184135
36 26.77264 3.805277E-06 0 0 0 0
37 5.319719 6.905714E-06 0 0 0 1.086309
38 5.619708 -12.04187 21.408 0 0 1.027052
39 -8.261324 -5.111802 16.13521 0 0 0.8070002
40 -21.9325 15.24135 0 0 0 -0.08168202
41 -26.77271 -1.505669E-05 0 0 0 0
42 -5.319727 4.362404E-06 0 0 0 1.086309
time 38
0 0 533.3808 -141.3781 0.003995412 0 0
1 0 0 -25.42013 -1.570796 -0.05868836 1.570796
2 -0.9664395 0 0 0 0 2.90252
3 13.09551 4.900476 0 0 0 0
4 -3.737144 24.75081 -37.464 0.1131145 0.5399963 2.502349
5 18.19704 -4.701087E-05 0 2.885457E-08 2.081958E-08 -1.218923
6 27.2952 -0.0001901909 0 1.062861E-07 4.688796E-08 1.484229
7 11.50685 3.721203E-05 0 1.744303E-07 9.767869E-08 0.6816818
8 0 0 0 5.415911E-08 -4.879357E-08 -0.6944906
9 -3.737144 24.75081 37.464 2.786277E-08 0.6008786 -0.9041769
10 -18.19704 4.702087E-05 0 3.23283E-08 2.332598E-08 -1.218923
11 -27.2952 0.0001902305 0 1.149337E-07 4.903581E-08 1.484229
12 -11.50685 -3.721107E-05 0 1.700898E-07 1.006912E-07 0.6816818
13 0 0 0 -2.709918E-08 -4.684839E-08 -0.6944906
14 12.88968 -17.59745 0 -3.141593 0 0
15 4.812697 0 0 0 0 0.5529963
16 9.673795 0 0 0 0 0.5529963
17 12.01248 0 0 0 0 0.5529963
18 11.89191 0 0 0 -1.570451 0
19 0.9499357 0 0 0 0 0
20 21.44688 0 0 0 0 -0.0936249
21 27.2552 0 0 0 0 0
22 17.80445 10.85627 0 0 0 -0.1559623
23 -2.51837 -7.530342 0 1.570796 0 1.651491
24 8.256622 0.633341 0 0 0 0.9520933
25 103.3853 -29.89403 0 0 0 -0.3162964
26 43.83523 -12.40405 0 0 0 -0.5783523
27 -16.4158 -41.94849 0 0 0 0.5673603
28 21.30272 0 0 0 0 0.1734613
29 17.62354 -0.02214819 0 0 0 -0.08564301
30 14.86595 0.04589471 0 0 0 -0.08658794
31 5.81367 -1.631575 -12.01451 -0.3149784 1.064137 -0.2563565
32 5.813787 -1.631573 12.01452 -0.3149785 1.064137 2.885236
33 5.6196 -12.042 -21.408 0 0 -2.114541
34 8.261183 5.11185 -16.13516 0 0 0.8609199
35 21.93254 -15.24135 0 0 0 0.3265735
36 26.77264 3.805277E-06 0 0 0 0
37 5.319719 6.905714E-06 0 0 0 1.086309
38 5.619708 -12.04187 21.408 0 0 1.027052
39 -8.261324 -5.111802 16.13521 0 0 0.7584878
40 -21.9325 15.24135 0 0 0 -0.255203
41 -26.77271 -1.505669E-05 0 0 0 0
42 -5.319727 4.362404E-06 0 0 0 1.086309
time 39
0 0 487.2352 -163.9817 0.1410018 0 0
1 0 0 -25.42013 -1.570796 -0.05868836 1.570796
2 -0.9664395 0 0 0 0 2.909269
3 13.09551 4.900476 0 0 0 0
4 -3.737144 24.75081 -37.464 0.1131145 0.5399963 2.502349
5 18.19704 -4.701087E-05 0 2.885457E-08 2.081958E-08 -1.197124
6 27.2952 -0.0001901909 0 1.062861E-07 4.688796E-08 1.484229
7 11.50685 3.721203E-05 0 1.744303E-07 9.767869E-08 0.6816818
8 0 0 0 5.415911E-08 -4.879357E-08 -0.6944906
9 -3.737144 24.75081 37.464 2.786277E-08 0.6008786 -0.9041769
10 -18.19704 4.702087E-05 0 3.232829E-08 2.332598E-08 -1.197124
11 -27.2952 0.0001902305 0 1.149337E-07 4.903581E-08 1.484229
12 -11.50685 -3.721107E-05 0 1.700898E-07 1.006912E-07 0.6816818
13 0 0 0 -2.709918E-08 -4.684839E-08 -0.6944906
14 12.88968 -17.59745 0 -3.141593 0 0
15 4.812697 0 0 0 0 0.55659
16 9.673795 0 0 0 0 0.55659
17 12.01248 0 0 0 0 0.55659
18 11.89191 0 0 0 -1.570451 0
19 0.9499357 0 0 0 0 0
20 21.44688 0 0 0 0 -0.1026062
21 27.2552 0 0 0 0 0
22 17.80445 10.85627 0 0 0 -0.1559623
23 -2.51837 -7.530342 0 1.570796 0 1.651491
24 8.256622 0.633341 0 0 0 0.8418485
25 103.3853 -29.89403 0 0 0 -0.3162964
26 43.83523 -12.40405 0 0 0 -0.5763559
27 -16.4158 -41.94849 0 0 0 0.5673603
28 21.30272 0 0 0 0 0.1734613
29 17.62354 -0.02214819 0 0 0 -0.08564301
30 14.86595 0.04589471 0 0 0 -0.08658794
31 5.81367 -1.631575 -12.01451 -0.3149784 1.064137 -0.2563565
32 5.813787 -1.631573 12.01452 -0.3149785 1.064137 2.885236
33 5.6196 -12.042 -21.408 0 0 -2.114541
34 8.261183 5.11185 -16.13516 0 0 0.8582349
35 21.93254 -15.24135 0 0 0 0.3347335
36 26.77264 3.805277E-06 0 0 0 0
37 5.319719 6.905714E-06 0 0 0 1.086309
38 5.619708 -12.04187 21.408 0 0 1.027052
39 -8.261324 -5.111802 16.13521 0 0 0.702876
40 -21.9325 15.24135 0 0 0 -0.428724
41 -26.77271 -1.505669E-05 0 0 0 0
42 -5.319727 4.362404E-06 0 0 0 1.086309
time 40
0 0 441.0897 -174.256 0.2651097 0 0
1 0 0 -25.42013 -1.570796 -0.05868836 1.570796
2 -0.9664395 0 0 0 0 2.916049
3 13.09551 4.900476 0 0 0 0
4 -3.737144 24.75081 -37.464 0.1131145 0.5399963 2.502349
5 18.19704 -4.701087E-05 0 2.885457E-08 2.081958E-08 -1.175606
6 27.2952 -0.0001901909 0 1.062861E-07 4.688796E-08 1.484229
7 11.50685 3.721203E-05 0 1.744303E-07 9.767869E-08 0.6816818
8 0 0 0 5.415911E-08 -4.879357E-08 -0.6944906
9 -3.737144 24.75081 37.464 2.786277E-08 0.6008786 -0.9041769
10 -18.19704 4.702087E-05 0 3.23283E-08 2.332599E-08 -1.175606
11 -27.2952 0.0001902305 0 1.149337E-07 4.903581E-08 1.484229
12 -11.50685 -3.721107E-05 0 1.700898E-07 1.006912E-07 0.6816818
13 0 0 0 -2.709918E-08 -4.684839E-08 -0.6944906
14 12.88968 -17.59745 0 -3.141593 0 0
15 4.812697 0 0 0 0 0.5498823
16 9.673795 0 0 0 0 0.5498823
17 12.01248 0 0 0 0 0.5498823
18 11.89191 0 0 0 -1.570451 0
19 0.9499357 0 0 0 0 0
20 21.44688 0 0 0 0 -0.1098356
21 27.2552 0 0 0 0 0
22 17.80445 10.85627 0 0 0 -0.1559623
23 -2.51837 -7.530342 0 1.570796 0 1.651491
24 8.256622 0.633341 0 0 0 0.7316037
25 103.3853 -29.89403 0 0 0 -0.3162964
26 43.83523 -12.40405 0 0 0 -0.5900762
27 -16.4158 -41.94849 0 0 0 0.5673603
28 21.30272 0 0 0 0 0.1734613
29 17.62354 -0.02214819 0 0 0 -0.08564301
30 14.86595 0.04589471 0 0 0 -0.08658794
31 5.81367 -1.631575 -12.01451 -0.3149784 1.064137 -0.2563565
32 5.813787 -1.631573 12.01452 -0.3149785 1.064137 2.885236
33 5.6196 -12.042 -21.408 0 0 -2.114541
34 8.261183 5.11185 -16.13516 0 0 0.8555499
35 21.93254 -15.24135 0 0 0 0.3069689
36 26.77264 3.805277E-06 0 0 0 0
37 5.319719 6.905714E-06 0 0 0 1.086309
38 5.619708 -12.04187 21.408 0 0 1.027052
39 -8.261324 -5.111802 16.13521 0 0 0.6472642
40 -21.9325 15.24135 0 0 0 -0.5881756
41 -26.77271 -1.505669E-05 0 0 0 0
42 -5.319727 4.362404E-06 0 0 0 1.086309
time 41
0 0 420.1145 -180.0466 0.3754598 0 0
1 0 0 -25.42013 -1.570796 -0.05868836 1.570796
2 -0.9664395 0 0 0 0 2.922855
3 13.09551 4.900476 0 0 0 0
4 -3.737144 24.75081 -37.464 0.1131145 0.5399963 2.502349
5 18.19704 -4.701087E-05 0 2.885457E-08 2.081958E-08 -1.154449
6 27.2952 -0.0001901909 0 1.062861E-07 4.688796E-08 1.484229
7 11.50685 3.721203E-05 0 1.744303E-07 9.767869E-08 0.6816818
8 0 0 0 5.415911E-08 -4.879357E-08 -0.6944906
9 -3.737144 24.75081 37.464 2.786277E-08 0.6008786 -0.9041769
10 -18.19704 4.702087E-05 0 3.23283E-08 2.332598E-08 -1.154449
11 -27.2952 0.0001902305 0 1.149337E-07 4.903581E-08 1.484229
12 -11.50685 -3.721107E-05 0 1.700898E-07 1.006912E-07 0.6816818
13 0 0 0 -2.709918E-08 -4.684839E-08 -0.6944906
14 12.88968 -17.59745 0 -3.141593 0 0
15 4.812697 0 0 0 0 0.5351253
16 9.673795 0 0 0 0 0.5351253
17 12.01248 0 0 0 0 0.5351253
18 11.89191 0 0 0 -1.570451 0
19 0.9499357 0 0 0 0 0
20 21.44688 0 0 0 0 -0.115173
21 27.2552 0 0 0 0 0
22 17.80445 10.85627 0 0 0 -0.1559623
23 -2.51837 -7.530342 0 1.570796 0 1.651491
24 8.256622 0.633341 0 0 0 0.6355596
25 103.3853 -29.89403 0 0 0 -0.3162964
26 43.83523 -12.40405 0 0 0 -0.6243771
27 -16.4158 -41.94849 0 0 0 0.5673603
28 21.30272 0 0 0 0 0.1734613
29 17.62354 -0.02214819 0 0 0 -0.08564301
30 14.86595 0.04589471 0 0 0 -0.08658794
31 5.81367 -1.631575 -12.01451 -0.3149784 1.064137 -0.2563565
32 5.813787 -1.631573 12.01452 -0.3149785 1.064137 2.885236
33 5.6196 -12.042 -21.408 0 0 -2.114541
34 8.261183 5.11185 -16.13516 0 0 0.8543295
35 21.93254 -15.24135 0 0 0 0.231608
36 26.77264 3.805277E-06 0 0 0 0
37 5.319719 6.905714E-06 0 0 0 1.086309
38 5.619708 -12.04187 21.408 0 0 1.027052
39 -8.261324 -5.111802 16.13521 0 0 0.5987518
40 -21.9325 15.24135 0 0 0 -0.7194889
41 -26.77271 -1.505669E-05 0 0 0 0
42 -5.319727 4.362404E-06 0 0 0 1.086309
time 42
0 0 377.7866 -193.855 0.471192 0 0
1 0 0 -25.42013 -1.570796 -0.05868836 1.570796
2 -0.9664395 0 0 0 0 2.92968
3 13.09551 4.900476 0 0 0 0
4 -3.737144 24.75081 -37.464 0.1131145 0.5399963 2.502349
5 18.19704 -4.701087E-05 0 2.885457E-08 2.081958E-08 -1.133734
6 27.2952 -0.0001901909 0 1.062861E-07 4.688796E-08 1.484229
7 11.50685 3.721203E-05 0 1.744303E-07 9.767869E-08 0.6816818
8 0 0 0 5.415911E-08 -4.879357E-08 -0.6944906
9 -3.737144 24.75081 37.464 2.786277E-08 0.6008786 -0.9041769
10 -18.19704 4.702087E-05 0 3.23283E-08 2.332598E-08 -1.133734
11 -27.2952 0.0001902305 0 1.149337E-07 4.903581E-08 1.484229
12 -11.50685 -3.721107E-05 0 1.700898E-07 1.006912E-07 0.6816818
13 0 0 0 -2.709918E-08 -4.684839E-08 -0.6944906
14 12.88968 -17.59745 0 -3.141593 0 0
15 4.812697 0 0 0 0 0.5203682
16 9.673795 0 0 0 0 0.5203682
17 12.01248 0 0 0 0 0.5203682
18 11.89191 0 0 0 -1.570451 0
19 0.9499357 0 0 0 0 0
20 21.44688 0 0 0 0 -0.1184782
21 27.2552 0 0 0 0 0
22 17.80445 10.85627 0 0 0 -0.1559623
23 -2.51837 -7.530342 0 1.570796 0 1.651491
24 8.256622 0.633341 0 0 0 0.4571919
25 103.3853 -29.89403 0 0 0 -0.3162964
26 43.83523 -12.40405 0 0 0 -0.6689682
27 -16.4158 -41.94849 0 0 0 0.5673603
28 21.30272 0 0 0 0 0.1734613
29 17.62354 -0.02214819 0 0 0 -0.08564301
30 14.86595 0.04589471 0 0 0 -0.08658794
31 5.81367 -1.631575 -12.01451 -0.3149784 1.064137 -0.2563565
32 5.813787 -1.631573 12.01452 -0.3149785 1.064137 2.885236
33 5.6196 -12.042 -21.408 0 0 -2.114541
34 8.261183 5.11185 -16.13516 0 0 0.841314
35 21.93254 -15.24135 0 0 0 0.1205499
36 26.77264 3.805277E-06 0 0 0 0
37 5.319719 6.905714E-06 0 0 0 1.086309
38 5.619708 -12.04187 21.408 0 0 1.027052
39 -8.261324 -5.111802 16.13521 0 0 0.5644382
40 -21.9325 15.24135 0 0 0 -0.8085942
41 -26.77271 -1.505669E-05 0 0 0 0
42 -5.319727 4.362404E-06 0 0 0 1.086309
time 43
0 0 335.5567 -210.3359 0.5514466 0 0
1 0 0 -25.42013 -1.570796 -0.05868836 1.570796
2 -0.9664395 0 0 0 0 2.936515
3 13.09551 4.900476 0 0 0 0
4 -3.737144 24.75081 -37.464 0.1131145 0.5399963 2.502349
5 18.19704 -4.701087E-05 0 2.885457E-08 2.081958E-08 -1.11354
6 27.2952 -0.0001901909 0 1.062861E-07 4.688796E-08 1.484229
7 11.50685 3.721203E-05 0 1.744303E-07 9.767869E-08 0.6816818
8 0 0 0 5.415911E-08 -4.879357E-08 -0.6944906
9 -3.737144 24.75081 37.464 2.786277E-08 0.6008786 -0.9041769
10 -18.19704 4.702087E-05 0 3.23283E-08 2.332598E-08 -1.11354
11 -27.2952 0.0001902305 0 1.149337E-07 4.903581E-08 1.484229
12 -11.50685 -3.721107E-05 0 1.700898E-07 1.006912E-07 0.6816818
13 0 0 0 -2.709918E-08 -4.684839E-08 -0.6944906
14 12.88968 -17.59745 0 -3.141593 0 0
15 4.812697 0 0 0 0 0.5136604
16 9.673795 0 0 0 0 0.5136604
17 12.01248 0 0 0 0 0.5136604
18 11.89191 0 0 0 -1.570451 0
19 0.9499357 0 0 0 0 0
20 21.44688 0 0 0 0 -0.1196111
21 27.2552 0 0 0 0 0
22 17.80445 10.85627 0 0 0 -0.1559623
23 -2.51837 -7.530342 0 1.570796 0 1.651491
24 8.256622 0.633341 0 0 0 0.3611478
25 103.3853 -29.89403 0 0 0 -0.3162964
26 43.83523 -12.40405 0 0 0 -0.7135593
27 -16.4158 -41.94849 0 0 0 0.5673603
28 21.30272 0 0 0 0 0.1734613
29 17.62354 -0.02214819 0 0 0 -0.08564301
30 14.86595 0.04589471 0 0 0 -0.08658794
31 5.81367 -1.631575 -12.01451 -0.3149784 1.064137 -0.2563565
32 5.813787 -1.631573 12.01452 -0.3149785 1.064137 2.885236
33 5.6196 -12.042 -21.408 0 0 -2.114541
34 8.261183 5.11185 -16.13516 0 0 0.8070002
35 21.93254 -15.24135 0 0 0 -0.0143064
36 26.77264 3.805277E-06 0 0 0 0
37 5.319719 6.905714E-06 0 0 0 1.086309
38 5.619708 -12.04187 21.408 0 0 1.027052
39 -8.261324 -5.111802 16.13521 0 0 0.5514227
40 -21.9325 15.24135 0 0 0 -0.8414224
41 -26.77271 -1.505669E-05 0 0 0 0
42 -5.319727 4.362404E-06 0 0 0 1.086309
time 44
0 0 284.7661 -224.1443 0.6153635 0 0
1 0 0 -25.42013 -1.570796 -0.05868836 1.570796
2 -0.9664395 0 0 0 0 2.943353
3 13.09551 4.900476 0 0 0 0
4 -3.737144 24.75081 -37.464 0.1131145 0.5399963 2.502349
5 18.19704 -4.701087E-05 0 2.885457E-08 2.081958E-08 -1.093948
6 27.2952 -0.0001901909 0 1.062861E-07 4.688796E-08 1.484229
7 11.50685 3.721203E-05 0 1.744303E-07 9.767869E-08 0.6816818
8 0 0 0 5.415911E-08 -4.879357E-08 -0.6944906
9 -3.737144 24.75081 37.464 2.786277E-08 0.6008786 -0.9041769
10 -18.19704 4.702087E-05 0 3.232829E-08 2.332598E-08 -1.093948
11 -27.2952 0.0001902305 0 1.149337E-07 4.903581E-08 1.484229
12 -11.50685 -3.721107E-05 0 1.700898E-07 1.006912E-07 0.6816818
13 0 0 0 -2.709918E-08 -4.684839E-08 -0.6944906
14 12.88968 -17.59745 0 -3.141593 0 0
15 4.812697 0 0 0 0 0.5063132
16 9.673795 0 0 0 0 0.5063132
17 12.01248 0 0 0 0 0.5063132
18 11.89191 0 0 0 -1.570451 0
19 0.9499357 0 0 0 0 0
20 21.44688 0 0 0 0 -0.1208914
21 27.2552 0 0 0 0 0
22 17.80445 10.85627 0 0 0 -0.1559623
23 -2.51837 -7.530342 0 1.570796 0 1.651491
24 8.256622 0.633341 0 0 0 0.2967568
25 103.3853 -29.89403 0 0 0 -0.3162964
26 43.83523 -12.40405 0 0 0 -0.7478603
27 -16.4158 -41.94849 0 0 0 0.5673603
28 21.30272 0 0 0 0 0.1734613
29 17.62354 -0.02214819 0 0 0 -0.08564301
30 14.86595 0.04589471 0 0 0 -0.08658794
31 5.81367 -1.631575 -12.01451 -0.3149784 1.064137 -0.2563565
32 5.813787 -1.631573 12.01452 -0.3149785 1.064137 2.885236
33 5.6196 -12.042 -21.408 0 0 -2.114541
34 8.261183 5.11185 -16.13516 0 0 0.7584879
35 21.93254 -15.24135 0 0 0 -0.1610618
36 26.77264 3.805277E-06 0 0 0 0
37 5.319719 6.905714E-06 0 0 0 1.086309
38 5.619708 -12.04187 21.408 0 0 1.027052
39 -8.261324 -5.111802 16.13521 0 0 0.5494286
40 -21.9325 15.24135 0 0 0 -0.8537811
41 -26.77271 -1.505669E-05 0 0 0 0
42 -5.319727 4.362404E-06 0 0 0 1.086309
time 45
0 0 233.9753 -229.9349 0.6620831 0 0
1 0 0 -25.42013 -1.570796 -0.05868836 1.570796
2 -0.9664395 0 0 0 0 2.950188
3 13.09551 4.900476 0 0 0 0
4 -3.737144 24.75081 -37.464 0.1131145 0.5399963 2.502349
5 18.19704 -4.701087E-05 0 2.885457E-08 2.081958E-08 -1.075039
6 27.2952 -0.0001901909 0 1.062861E-07 4.688796E-08 1.484229
7 11.50685 3.721203E-05 0 1.744303E-07 9.767869E-08 0.6816818
8 0 0 0 5.415911E-08 -4.879357E-08 -0.6944906
9 -3.737144 24.75081 37.464 2.786277E-08 0.6008786 -0.9041769
10 -18.19704 4.702087E-05 0 3.23283E-08 2.332598E-08 -1.075039
11 -27.2952 0.0001902305 0 1.149337E-07 4.903581E-08 1.484229
12 -11.50685 -3.721107E-05 0 1.700898E-07 1.006912E-07 0.6816818
13 0 0 0 -2.709918E-08 -4.684839E-08 -0.6944906
14 12.88968 -17.59745 0 -3.141593 0 0
15 4.812697 0 0 0 0 0.4852849
16 9.673795 0 0 0 0 0.4852849
17 12.01248 0 0 0 0 0.4852849
18 11.89191 0 0 0 -1.570451 0
19 0.9499357 0 0 0 0 0
20 21.44688 0 0 0 0 -0.1242666
21 27.2552 0 0 0 0 0
22 17.80445 10.85627 0 0 0 -0.1559623
23 -2.51837 -7.530342 0 1.570796 0 1.651491
24 8.256622 0.633341 0 0 0 0.1550965
25 103.3853 -29.89403 0 0 0 -0.3162964
26 43.83523 -12.40405 0 0 0 -0.7615805
27 -16.4158 -41.94849 0 0 0 0.5673603
28 21.30272 0 0 0 0 0.1734613
29 17.62354 -0.02214819 0 0 0 -0.08564301
30 14.86595 0.04589471 0 0 0 -0.08658794
31 5.81367 -1.631575 -12.01451 -0.3149784 1.064137 -0.2563565
32 5.813787 -1.631573 12.01452 -0.3149785 1.064137 2.885236
33 5.6196 -12.042 -21.408 0 0 -2.114541
34 8.261183 5.11185 -16.13516 0 0 0.7028761
35 21.93254 -15.24135 0 0 0 -0.3078172
36 26.77264 3.805277E-06 0 0 0 0
37 5.319719 6.905714E-06 0 0 0 1.086309
38 5.619708 -12.04187 21.408 0 0 1.027052
39 -8.261324 -5.111802 16.13521 0 0 0.5457254
40 -21.9325 15.24135 0 0 0 -0.8661397
41 -26.77271 -1.505669E-05 0 0 0 0
42 -5.319727 4.362404E-06 0 0 0 1.086309
time 46
0 0 161.8736 -237.0475 0.6907455 0 0
1 0 0 -25.42013 -1.570796 -0.05868836 1.570796
2 -0.9664395 0 0 0 0 2.957012
3 13.09551 4.900476 0 0 0 0
4 -3.737144 24.75081 -37.464 0.1131145 0.5399963 2.502349
5 18.19704 -4.701087E-05 0 2.885457E-08 2.081958E-08 -1.056892
6 27.2952 -0.0001901909 0 1.062861E-07 4.688796E-08 1.484229
7 11.50685 3.721203E-05 0 1.744303E-07 9.767869E-08 0.6816818
8 0 0 0 5.415911E-08 -4.879357E-08 -0.6944906
9 -3.737144 24.75081 37.464 2.786277E-08 0.6008786 -0.9041769
10 -18.19704 4.702087E-05 0 3.232829E-08 2.332598E-08 -1.056892
11 -27.2952 0.0001902305 0 1.149337E-07 4.903581E-08 1.484229
12 -11.50685 -3.721107E-05 0 1.700898E-07 1.006912E-07 0.6816818
13 0 0 0 -2.709918E-08 -4.684839E-08 -0.6944906
14 12.88968 -17.59745 0 -3.141593 0 0
15 4.812697 0 0 0 0 0.4520956
16 9.673795 0 0 0 0 0.4520956
17 12.01248 0 0 0 0 0.4520956
18 11.89191 0 0 0 -1.570451 0
19 0.9499357 0 0 0 0 0
20 21.44688 0 0 0 0 -0.1290385
21 27.2552 0 0 0 0 0
22 17.80445 10.85627 0 0 0 -0.1559623
23 -2.51837 -7.530342 0 1.570796 0 1.651491
24 8.256622 0.633341 0 0 0 0.01343628
25 103.3853 -29.89403 0 0 0 -0.3162964
26 43.83523 -12.40405 0 0 0 -0.8719619
27 -16.4158 -41.94849 0 0 0 0.5673603
28 21.30272 0 0 0 0 0.1734613
29 17.62354 -0.02214819 0 0 0 -0.08564301
30 14.86595 0.04589471 0 0 0 -0.08658794
31 5.81367 -1.631575 -12.01451 -0.3149784 1.064137 -0.2563565
32 5.813787 -1.631573 12.01452 -0.3149785 1.064137 2.885236
33 5.6196 -12.042 -21.408 0 0 -2.114541
34 8.261183 5.11185 -16.13516 0 0 0.6472642
35 21.93254 -15.24135 0 0 0 -0.4426734
36 26.77264 3.805277E-06 0 0 0 0
37 5.319719 6.905714E-06 0 0 0 1.086309
38 5.619708 -12.04187 21.408 0 0 1.027052
39 -8.261324 -5.111802 16.13521 0 0 0.5437315
40 -21.9325 15.24135 0 0 0 -0.8661397
41 -26.77271 -1.505669E-05 0 0 0 0
42 -5.319727 4.362404E-06 0 0 0 1.086309
time 47
0 0 67.12967 -242.9051 0.7004907 0 0
1 0 0 -25.42013 -1.570796 -0.05868836 1.570796
2 -0.9664395 0 0 0 0 2.963819
3 13.09551 4.900476 0 0 0 0
4 -3.737144 24.75081 -37.464 0.1131145 0.5399963 2.502349
5 18.19704 -4.701087E-05 0 2.885457E-08 2.081958E-08 -1.039588
6 27.2952 -0.0001901909 0 1.062861E-07 4.688796E-08 1.484229
7 11.50685 3.721203E-05 0 1.744303E-07 9.767869E-08 0.6816818
8 0 0 0 5.415911E-08 -4.879357E-08 -0.6944906
9 -3.737144 24.75081 37.464 2.786277E-08 0.6008786 -0.9041769
10 -18.19704 4.702087E-05 0 3.232829E-08 2.332598E-08 -1.039588
11 -27.2952 0.0001902305 0 1.149337E-07 4.903581E-08 1.484229
12 -11.50685 -3.721107E-05 0 1.700898E-07 1.006912E-07 0.6816818
13 0 0 0 -2.709918E-08 -4.684839E-08 -0.6944906
14 12.88968 -17.59745 0 -3.141593 0 0
15 4.812697 0 0 0 0 0.4082655
16 9.673795 0 0 0 0 0.4082655
17 12.01248 0 0 0 0 0.4082655
18 11.89191 0 0 0 -1.570451 0
19 0.9499357 0 0 0 0 0
20 21.44688 0 0 0 0 -0.1345087
21 27.2552 0 0 0 0 0
22 17.80445 10.85627 0 0 0 -0.1559623
23 -2.51837 -7.530342 0 1.570796 0 1.651491
24 8.256622 0.633341 0 0 0 -0.05095474
25 103.3853 -29.89403 0 0 0 -0.3162964
26 43.83523 -12.40405 0 0 0 -1.054832
27 -16.4158 -41.94849 0 0 0 0.5673603
28 21.30272 0 0 0 0 0.1734613
29 17.62354 -0.02214819 0 0 0 -0.08564301
30 14.86595 0.04589471 0 0 0 -0.08658794
31 5.81367 -1.631575 -12.01451 -0.3149784 1.064137 -0.2563565
32 5.813787 -1.631573 12.01452 -0.3149785 1.064137 2.885236
33 5.6196 -12.042 -21.408 0 0 -2.114541
34 8.261183 5.11185 -16.13516 0 0 0.5987518
35 21.93254 -15.24135 0 0 0 -0.5537316
36 26.77264 3.805277E-06 0 0 0 0
37 5.319719 6.905714E-06 0 0 0 1.086309
38 5.619708 -12.04187 21.408 0 0 1.027052
39 -8.261324 -5.111802 16.13521 0 0 0.5437315
40 -21.9325 15.24135 0 0 0 -0.8661397
41 -26.77271 -1.505669E-05 0 0 0 0
42 -5.319727 4.362404E-06 0 0 0 1.086309
time 48
0 0 67.60606 -243.4554 0.7028186 0 0
1 0 0 -25.42013 -1.570796 -0.05868836 1.570796
2 -0.9664395 0 0 0 0 2.970599
3 13.09551 4.900476 0 0 0 0
4 -3.737144 24.75081 -37.464 0.1131145 0.5399963 2.502349
5 18.19704 -4.701087E-05 0 2.885457E-08 2.081958E-08 -1.023207
6 27.2952 -0.0001901909 0 1.062861E-07 4.688796E-08 1.484229
7 11.50685 3.721203E-05 0 1.744303E-07 9.767869E-08 0.6816818
8 0 0 0 5.415911E-08 -4.879357E-08 -0.6944906
9 -3.737144 24.75081 37.464 2.786277E-08 0.6008786 -0.9041769
10 -18.19704 4.702087E-05 0 3.232829E-08 2.332598E-08 -1.023207
11 -27.2952 0.0001902305 0 1.149337E-07 4.903581E-08 1.484229
12 -11.50685 -3.721107E-05 0 1.700898E-07 1.006912E-07 0.6816818
13 0 0 0 -2.709918E-08 -4.684839E-08 -0.6944906
14 12.88968 -17.59745 0 -3.141593 0 0
15 4.812697 0 0 0 0 0.3553147
16 9.673795 0 0 0 0 0.3553147
17 12.01248 0 0 0 0 0.3553147
18 11.89191 0 0 0 -1.570451 0
19 0.9499357 0 0 0 0 0
20 21.44688 0 0 0 0 -0.1399789
21 27.2552 0 0 0 0 0
22 17.80445 10.85627 0 0 0 -0.1559623
23 -2.51837 -7.530342 0 1.570796 0 1.651491
24 8.256622 0.633341 0 0 0 -0.09738798
25 103.3853 -29.89403 0 0 0 -0.3162964
26 43.83523 -12.40405 0 0 0 -1.274811
27 -16.4158 -41.94849 0 0 0 0.5673603
28 21.30272 0 0 0 0 0.1734613
29 17.62354 -0.02214819 0 0 0 -0.08564301
30 14.86595 0.04589471 0 0 0 -0.08658794
31 5.81367 -1.631575 -12.01451 -0.3149784 1.064137 -0.2563565
32 5.813787 -1.631573 12.01452 -0.3149785 1.064137 2.885236
33 5.6196 -12.042 -21.408 0 0 -2.114541
34 8.261183 5.11185 -16.13516 0 0 0.5644382
35 21.93254 -15.24135 0 0 0 -0.6290926
36 26.77264 3.805277E-06 0 0 0 0
37 5.319719 6.905714E-06 0 0 0 1.086309
38 5.619708 -12.04187 21.408 0 0 1.027052
39 -8.261324 -5.111802 16.13521 0 0 0.5437315
40 -21.9325 15.24135 0 0 0 -0.8661397
41 -26.77271 -1.505669E-05 0 0 0 0
42 -5.319727 4.362404E-06 0 0 0 1.086309
time 49
0 0 67.60606 -243.4554 0.7071415 0 0
1 0 0 -25.42013 -1.570796 -0.05868836 1.570796
2 -0.9664395 0 0 0 0 2.977348
3 13.09551 4.900476 0 0 0 0
4 -3.737144 24.75081 -37.464 0.1131145 0.5399963 2.502349
5 18.19704 -4.701087E-05 0 2.885457E-08 2.081958E-08 -1.007829
6 27.2952 -0.0001901909 0 1.062861E-07 4.688796E-08 1.484229
7 11.50685 3.721203E-05 0 1.744303E-07 9.767869E-08 0.6816818
8 0 0 0 5.415911E-08 -4.879357E-08 -0.6944906
9 -3.737144 24.75081 37.464 2.786277E-08 0.6008786 -0.9041769
10 -18.19704 4.702087E-05 0 3.23283E-08 2.332598E-08 -1.007829
11 -27.2952 0.0001902305 0 1.149337E-07 4.903581E-08 1.484229
12 -11.50685 -3.721107E-05 0 1.700898E-07 1.006912E-07 0.6816818
13 0 0 0 -2.709918E-08 -4.684839E-08 -0.6944906
14 12.88968 -17.59745 0 -3.141593 0 0
15 4.812697 0 0 0 0 0.2947632
16 9.673795 0 0 0 0 0.2947632
17 12.01248 0 0 0 0 0.2947632
18 11.89191 0 0 0 -1.570451 0
19 0.9499357 0 0 0 0 0
20 21.44688 0 0 0 0 -0.1447508
21 27.2552 0 0 0 0 0
22 17.80445 10.85627 0 0 0 -0.1559623
23 -2.51837 -7.530342 0 1.570796 0 1.651491
24 8.256622 0.633341 0 0 0 -0.1836212
25 103.3853 -29.89403 0 0 0 -0.3162964
26 43.83523 -12.40405 0 0 0 -1.494789
27 -16.4158 -41.94849 0 0 0 0.5673603
28 21.30272 0 0 0 0 0.1734613
29 17.62354 -0.02214819 0 0 0 -0.08564301
30 14.86595 0.04589471 0 0 0 -0.08658794
31 5.81367 -1.631575 -12.01451 -0.3149784 1.064137 -0.2563565
32 5.813787 -1.631573 12.01452 -0.3149785 1.064137 2.885236
33 5.6196 -12.042 -21.408 0 0 -2.114541
34 8.261183 5.11185 -16.13516 0 0 0.5514227
35 21.93254 -15.24135 0 0 0 -0.656857
36 26.77264 3.805277E-06 0 0 0 0
37 5.319719 6.905714E-06 0 0 0 1.086309
38 5.619708 -12.04187 21.408 0 0 1.027052
39 -8.261324 -5.111802 16.13521 0 0 0.5437315
40 -21.9325 15.24135 0 0 0 -0.8661397
41 -26.77271 -1.505669E-05 0 0 0 0
42 -5.319727 4.362404E-06 0 0 0 1.086309
time 50
0 0 67.60606 -243.4554 0.7094694 0 0
1 0 0 -25.42013 -1.570796 -0.05868836 1.570796
2 -0.9664395 0 0 0 0 2.984056
3 13.09551 4.900476 0 0 0 0
4 -3.737144 24.75081 -37.464 0.1131145 0.5399963 2.502349
5 18.19704 -4.701087E-05 0 2.885457E-08 2.081958E-08 -0.9935352
6 27.2952 -0.0001901909 0 1.062861E-07 4.688796E-08 1.484229
7 11.50685 3.721203E-05 0 1.744303E-07 9.767869E-08 0.6816818
8 0 0 0 5.415911E-08 -4.879357E-08 -0.6944906
9 -3.737144 24.75081 37.464 2.786277E-08 0.6008786 -0.9041769
10 -18.19704 4.702087E-05 0 3.232829E-08 2.332598E-08 -0.9935352
11 -27.2952 0.0001902305 0 1.149337E-07 4.903581E-08 1.484229
12 -11.50685 -3.721107E-05 0 1.700898E-07 1.006912E-07 0.6816818
13 0 0 0 -2.709918E-08 -4.684839E-08 -0.6944906
14 12.88968 -17.59745 0 -3.141593 0 0
15 4.812697 0 0 0 0 0.2281314
16 9.673795 0 0 0 0 0.2281314
17 12.01248 0 0 0 0 0.2281314
18 11.89191 0 0 0 -1.570451 0
19 0.9499357 0 0 0 0 0
20 21.44688 0 0 0 0 -0.1481261
21 27.2552 0 0 0 0 0
22 17.80445 10.85627 0 0 0 -0.1559623
23 -2.51837 -7.530342 0 1.570796 0 1.651491
24 8.256622 0.633341 0 0 0 -0.2300544
25 103.3853 -29.89403 0 0 0 -0.3162964
26 43.83523 -12.40405 0 0 0 -1.581695
27 -16.4158 -41.94849 0 0 0 0.5673603
28 21.30272 0 0 0 0 0.1734613
29 17.62354 -0.02214819 0 0 0 -0.08564301
30 14.86595 0.04589471 0 0 0 -0.08658794
31 5.81367 -1.631575 -12.01451 -0.3149784 1.064137 -0.2563565
32 5.813787 -1.631573 12.01452 -0.3149785 1.064137 2.885236
33 5.6196 -12.042 -21.408 0 0 -2.114541
34 8.261183 5.11185 -16.13516 0 0 0.5494286
35 21.93254 -15.24135 0 0 0 -0.667344
36 26.77264 3.805277E-06 0 0 0 0
37 5.319719 6.905714E-06 0 0 0 1.086309
38 5.619708 -12.04187 21.408 0 0 1.027052
39 -8.261324 -5.111802 16.13521 0 0 0.5437315
40 -21.9325 15.24135 0 0 0 -0.8661397
41 -26.77271 -1.505669E-05 0 0 0 0
42 -5.319727 4.362404E-06 0 0 0 1.086309
time 51
0 0 67.60606 -243.4554 0.7094694 0 0
1 0 0 -25.42013 -1.570796 -0.05868836 1.570796
2 -0.9664395 0 0 0 0 2.990718
3 13.09551 4.900476 0 0 0 0
4 -3.737144 24.75081 -37.464 0.1131145 0.5399963 2.502349
5 18.19704 -4.701087E-05 0 2.885457E-08 2.081958E-08 -0.980405
6 27.2952 -0.0001901909 0 1.062861E-07 4.688796E-08 1.484229
7 11.50685 3.721203E-05 0 1.744303E-07 9.767869E-08 0.6816818
8 0 0 0 5.415911E-08 -4.879357E-08 -0.6944906
9 -3.737144 24.75081 37.464 2.786277E-08 0.6008786 -0.9041769
10 -18.19704 4.702087E-05 0 3.23283E-08 2.332598E-08 -0.9804049
11 -27.2952 0.0001902305 0 1.149337E-07 4.903581E-08 1.484229
12 -11.50685 -3.721107E-05 0 1.700898E-07 1.006912E-07 0.6816818
13 0 0 0 -2.709918E-08 -4.684839E-08 -0.6944906
14 12.88968 -17.59745 0 -3.141593 0 0
15 4.812697 0 0 0 0 0.1569391
16 9.673795 0 0 0 0 0.1569391
17 12.01248 0 0 0 0 0.1569391
18 11.89191 0 0 0 -1.570451 0
19 0.9499357 0 0 0 0 0
20 21.44688 0 0 0 0 -0.1494064
21 27.2552 0 0 0 0 0
22 17.80445 10.85627 0 0 0 -0.1557778
23 -2.51837 -7.530342 0 1.570796 0 1.651491
24 8.256622 0.633341 0 0 0 -0.2435302
25 103.3853 -29.89403 0 0 0 -0.3162964
26 43.83523 -12.40405 0 0 0 -1.573892
27 -16.4158 -41.94849 0 0 0 0.5673603
28 21.30272 0 0 0 0 0.1734613
29 17.62354 -0.02214819 0 0 0 -0.08564301
30 14.86595 0.04589471 0 0 0 -0.08658794
31 5.81367 -1.631575 -12.01451 -0.3149784 1.064137 -0.2563565
32 5.813787 -1.631573 12.01452 -0.3149785 1.064137 2.885236
33 5.6196 -12.042 -21.408 0 0 -2.114541
34 8.261183 5.11185 -16.13516 0 0 0.5457253
35 21.93254 -15.24135 0 0 0 -0.6778312
36 26.77264 3.805277E-06 0 0 0 0
37 5.319719 6.905714E-06 0 0 0 1.086309
38 5.619708 -12.04187 21.408 0 0 1.027052
39 -8.261324 -5.111802 16.13521 0 0 0.5437315
40 -21.9325 15.24135 0 0 0 -0.8661397
41 -26.77271 -1.505669E-05 0 0 0 0
42 -5.319727 4.362404E-06 0 0 0 1.086309
time 52
0 0 67.60606 -243.4554 0.7094694 0 0
1 0 0 -25.42013 -1.570796 -0.05868836 1.570796
2 -0.9664395 0 0 0 0 2.997325
3 13.09551 4.900476 0 0 0 0
4 -3.737144 24.75081 -37.464 0.1131145 0.5399963 2.502349
5 18.19704 -4.701087E-05 0 2.885457E-08 2.081958E-08 -0.9685189
6 27.2952 -0.0001901909 0 1.062861E-07 4.688796E-08 1.484229
7 11.50685 3.721203E-05 0 1.744303E-07 9.767869E-08 0.6816818
8 0 0 0 5.415911E-08 -4.879357E-08 -0.6944906
9 -3.737144 24.75081 37.464 2.786277E-08 0.6008786 -0.9041769
10 -18.19704 4.702087E-05 0 3.232829E-08 2.332598E-08 -0.9685188
11 -27.2952 0.0001902305 0 1.149337E-07 4.903581E-08 1.484229
12 -11.50685 -3.721107E-05 0 1.700898E-07 1.006912E-07 0.6816818
13 0 0 0 -2.709918E-08 -4.684839E-08 -0.6944906
14 12.88968 -17.59745 0 -3.141593 0 0
15 4.812697 0 0 0 0 0.08270656
16 9.673795 0 0 0 0 0.08270656
17 12.01248 0 0 0 0 0.08270656
18 11.89191 0 0 0 -1.570451 0
19 0.9499357 0 0 0 0 0
20 21.44688 0 0 0 0 -0.1494705
21 27.2552 0 0 0 0 0
22 17.80445 10.85627 0 0 0 -0.1552344
23 -2.51837 -7.530342 0 1.570796 0 1.651491
24 8.256622 0.633341 0 0 0 -0.2154236
25 103.3853 -29.89403 0 0 0 -0.3162964
26 43.83523 -12.40405 0 0 0 -1.562153
27 -16.4158 -41.94849 0 0 0 0.5673603
28 21.30272 0 0 0 0 0.1734613
29 17.62354 -0.02214819 0 0 0 -0.08564301
30 14.86595 0.04589471 0 0 0 -0.08658794
31 5.81367 -1.631575 -12.01451 -0.3149784 1.064137 -0.2563565
32 5.813787 -1.631573 12.01452 -0.3149785 1.064137 2.885236
33 5.6196 -12.042 -21.408 0 0 -2.114541
34 8.261183 5.11185 -16.13516 0 0 0.5437314
35 21.93254 -15.24135 0 0 0 -0.6778312
36 26.77264 3.805277E-06 0 0 0 0
37 5.319719 6.905714E-06 0 0 0 1.086309
38 5.619708 -12.04187 21.408 0 0 1.027052
39 -8.261324 -5.111802 16.13521 0 0 0.5437315
40 -21.9325 15.24135 0 0 0 -0.8661397
41 -26.77271 -1.505669E-05 0 0 0 0
42 -5.319727 4.362404E-06 0 0 0 1.086309
time 53
0 0 67.60606 -243.4554 0.7094694 0 0
1 0 0 -25.42013 -1.570796 -0.05868836 1.570796
2 -0.9664395 0 0 0 0 3.003871
3 13.09551 4.900476 0 0 0 0
4 -3.737144 24.75081 -37.464 0.1131145 0.5399963 2.502349
5 18.19704 -4.701087E-05 0 2.885457E-08 2.081958E-08 -0.9579571
6 27.2952 -0.0001901909 0 1.062861E-07 4.688796E-08 1.484229
7 11.50685 3.721203E-05 0 1.744303E-07 9.767869E-08 0.6816818
8 0 0 0 5.415911E-08 -4.879357E-08 -0.6944906
9 -3.737144 24.75081 37.464 2.786277E-08 0.6008786 -0.9041769
10 -18.19704 4.702087E-05 0 3.232829E-08 2.332598E-08 -0.9579571
11 -27.2952 0.0001902305 0 1.149337E-07 4.903581E-08 1.484229
12 -11.50685 -3.721107E-05 0 1.700898E-07 1.006912E-07 0.6816818
13 0 0 0 -2.709918E-08 -4.684839E-08 -0.6944906
14 12.88968 -17.59745 0 -3.141593 0 0
15 4.812697 0 0 0 0 0.00695397
16 9.673795 0 0 0 0 0.00695397
17 12.01248 0 0 0 0 0.00695397
18 11.89191 0 0 0 -1.570451 0
19 0.9499357 0 0 0 0 0
20 21.44688 0 0 0 0 -0.1496575
21 27.2552 0 0 0 0 0
22 17.80445 10.85627 0 0 0 -0.1543471
23 -2.51837 -7.530342 0 1.570796 0 1.651491
24 8.256622 0.633341 0 0 0 -0.1485271
25 103.3853 -29.89403 0 0 0 -0.3162964
26 43.83523 -12.40405 0 0 0 -1.531877
27 -16.4158 -41.94849 0 0 0 0.5673603
28 21.30272 0 0 0 0 0.1734613
29 17.62354 -0.02214819 0 0 0 -0.08564301
30 14.86595 0.04589471 0 0 0 -0.08658794
31 5.81367 -1.631575 -12.01451 -0.3149784 1.064137 -0.2563565
32 5.813787 -1.631573 12.01452 -0.3149785 1.064137 2.885236
33 5.6196 -12.042 -21.408 0 0 -2.114541
34 8.261183 5.11185 -16.13516 0 0 0.5437314
35 21.93254 -15.24135 0 0 0 -0.6778312
36 26.77264 3.805277E-06 0 0 0 0
37 5.319719 6.905714E-06 0 0 0 1.086309
38 5.619708 -12.04187 21.408 0 0 1.027052
39 -8.261324 -5.111802 16.13521 0 0 0.5437315
40 -21.9325 15.24135 0 0 0 -0.8661397
41 -26.77271 -1.505669E-05 0 0 0 0
42 -5.319727 4.362404E-06 0 0 0 1.086309
time 54
0 0 67.60606 -243.4554 0.7094694 0 0
1 0 0 -25.42013 -1.570796 -0.05868836 1.570796
2 -0.9664395 0 0 0 0 3.010348
3 13.09551 4.900476 0 0 0 0
4 -3.737144 24.75081 -37.464 0.1131145 0.5399963 2.502349
5 18.19704 -4.701087E-05 0 2.885457E-08 2.081958E-08 -0.9488001
6 27.2952 -0.0001901909 0 1.062861E-07 4.688796E-08 1.484229
7 11.50685 3.721203E-05 0 1.744303E-07 9.767869E-08 0.6816818
8 0 0 0 5.415911E-08 -4.879357E-08 -0.6944906
9 -3.737144 24.75081 37.464 2.786277E-08 0.6008786 -0.9041769
10 -18.19704 4.702087E-05 0 3.23283E-08 2.332598E-08 -0.9488
11 -27.2952 0.0001902305 0 1.149337E-07 4.903581E-08 1.484229
12 -11.50685 -3.721107E-05 0 1.700898E-07 1.006912E-07 0.6816818
13 0 0 0 -2.709918E-08 -4.684839E-08 -0.6944906
14 12.88968 -17.59745 0 -3.141593 0 0
15 4.812697 0 0 0 0 -0.06879865
16 9.673795 0 0 0 0 -0.06879865
17 12.01248 0 0 0 0 -0.06879865
18 11.89191 0 0 0 -1.570451 0
19 0.9499357 0 0 0 0 0
20 21.44688 0 0 0 0 -0.1499595
21 27.2552 0 0 0 0 0
22 17.80445 10.85627 0 0 0 -0.1531307
23 -2.51837 -7.530342 0 1.570796 0 1.651491
24 8.256622 0.633341 0 0 0 -0.02429072
25 103.3853 -29.89403 0 0 0 -0.3162964
26 43.83523 -12.40405 0 0 0 -1.49048
27 -16.4158 -41.94849 0 0 0 0.5673603
28 21.30272 0 0 0 0 0.1734613
29 17.62354 -0.02214819 0 0 0 -0.08564301
30 14.86595 0.04589471 0 0 0 -0.08658794
31 5.81367 -1.631575 -12.01451 -0.3149784 1.064137 -0.2563565
32 5.813787 -1.631573 12.01452 -0.3149785 1.064137 2.885236
33 5.6196 -12.042 -21.408 0 0 -2.114541
34 8.261183 5.11185 -16.13516 0 0 0.5437314
35 21.93254 -15.24135 0 0 0 -0.6778312
36 26.77264 3.805277E-06 0 0 0 0
37 5.319719 6.905714E-06 0 0 0 1.086309
38 5.619708 -12.04187 21.408 0 0 1.027052
39 -8.261324 -5.111802 16.13521 0 0 0.5437315
40 -21.9325 15.24135 0 0 0 -0.8661397
41 -26.77271 -1.505669E-05 0 0 0 0
42 -5.319727 4.362404E-06 0 0 0 1.086309
time 55
0 0 67.60606 -243.4554 0.7094694 0 0
1 0 0 -25.42013 -1.570796 -0.05868836 1.570796
2 -0.9664395 0 0 0 0 3.016749
3 13.09551 4.900476 0 0 0 0
4 -3.737144 24.75081 -37.464 0.1131145 0.5399963 2.502349
5 18.19704 -4.701087E-05 0 2.885457E-08 2.081958E-08 -0.941128
6 27.2952 -0.0001901909 0 1.062861E-07 4.688796E-08 1.484229
7 11.50685 3.721203E-05 0 1.744303E-07 9.767869E-08 0.6816818
8 0 0 0 5.415911E-08 -4.879357E-08 -0.6944906
9 -3.737144 24.75081 37.464 2.786277E-08 0.6008786 -0.9041769
10 -18.19704 4.702087E-05 0 3.23283E-08 2.332598E-08 -0.9411279
11 -27.2952 0.0001902305 0 1.149337E-07 4.903581E-08 1.484229
12 -11.50685 -3.721107E-05 0 1.700898E-07 1.006912E-07 0.6816818
13 0 0 0 -2.709918E-08 -4.684839E-08 -0.6944906
14 12.88968 -17.59745 0 -3.141593 0 0
15 4.812697 0 0 0 0 -0.1430312
16 9.673795 0 0 0 0 -0.1430312
17 12.01248 0 0 0 0 -0.1430312
18 11.89191 0 0 0 -1.570451 0
19 0.9499357 0 0 0 0 0
20 21.44688 0 0 0 0 -0.1503686
21 27.2552 0 0 0 0 0
22 17.80445 10.85627 0 0 0 -0.1516003
23 -2.51837 -7.530342 0 1.570796 0 1.651491
24 8.256622 0.633341 0 0 0 0.04260575
25 103.3853 -29.89403 0 0 0 -0.3162964
26 43.83523 -12.40405 0 0 0 -1.445375
27 -16.4158 -41.94849 0 0 0 0.5673603
28 21.30272 0 0 0 0 0.1734613
29 17.62354 -0.02214819 0 0 0 -0.08564301
30 14.86595 0.04589471 0 0 0 -0.08658794
31 5.81367 -1.631575 -12.01451 -0.3149784 1.064137 -0.2563565
32 5.813787 -1.631573 12.01452 -0.3149785 1.064137 2.885236
33 5.6196 -12.042 -21.408 0 0 -2.114541
34 8.261183 5.11185 -16.13516 0 0 0.5437314
35 21.93254 -15.24135 0 0 0 -0.6778312
36 26.77264 3.805277E-06 0 0 0 0
37 5.319719 6.905714E-06 0 0 0 1.086309
38 5.619708 -12.04187 21.408 0 0 1.027052
39 -8.261324 -5.111802 16.13521 0 0 0.5437315
40 -21.9325 15.24135 0 0 0 -0.8661397
41 -26.77271 -1.505669E-05 0 0 0 0
42 -5.319727 4.362404E-06 0 0 0 1.086309
time 56
0 0 67.60606 -243.4554 0.7094694 0 0
1 0 0 -25.42013 -1.570796 -0.05868836 1.570796
2 -0.9664395 0 0 0 0 3.023067
3 13.09551 4.900476 0 0 0 0
4 -3.737144 24.75081 -37.464 0.1131145 0.5399963 2.502349
5 18.19704 -4.701087E-05 0 2.885457E-08 2.081958E-08 -0.935021
6 27.2952 -0.0001901909 0 1.062861E-07 4.688796E-08 1.484229
7 11.50685 3.721203E-05 0 1.744303E-07 9.767869E-08 0.6816818
8 0 0 0 5.415911E-08 -4.879357E-08 -0.6944906
9 -3.737144 24.75081 37.464 2.786277E-08 0.6008786 -0.9041769
10 -18.19704 4.702087E-05 0 3.232829E-08 2.332598E-08 -0.935021
11 -27.2952 0.0001902305 0 1.149337E-07 4.903581E-08 1.484229
12 -11.50685 -3.721107E-05 0 1.700898E-07 1.006912E-07 0.6816818
13 0 0 0 -2.709918E-08 -4.684839E-08 -0.6944906
14 12.88968 -17.59745 0 -3.141593 0 0
15 4.812697 0 0 0 0 -0.2142234
16 9.673795 0 0 0 0 -0.2142234
17 12.01248 0 0 0 0 -0.2142234
18 11.89191 0 0 0 -1.570451 0
19 0.9499357 0 0 0 0 0
20 21.44688 0 0 0 0 -0.1508768
21 27.2552 0 0 0 0 0
22 17.80445 10.85627 0 0 0 -0.1497708
23 -2.51837 -7.530342 0 1.570796 0 1.651491
24 8.256622 0.633341 0 0 0 0.09022022
25 103.3853 -29.89403 0 0 0 -0.3162964
26 43.83523 -12.40405 0 0 0 -1.403978
27 -16.4158 -41.94849 0 0 0 0.5673603
28 21.30272 0 0 0 0 0.1711193
29 17.62354 -0.02214819 0 0 0 -0.08798493
30 14.86595 0.04589471 0 0 0 -0.08886485
31 5.81367 -1.631575 -12.01451 -0.3149784 1.064137 -0.2563565
32 5.813787 -1.631573 12.01452 -0.3149785 1.064137 2.885236
33 5.6196 -12.042 -21.408 0 0 -2.114541
34 8.261183 5.11185 -16.13516 0 0 0.5437314
35 21.93254 -15.24135 0 0 0 -0.6778312
36 26.77264 3.805277E-06 0 0 0 0
37 5.319719 6.905714E-06 0 0 0 1.086309
38 5.619708 -12.04187 21.408 0 0 1.027052
39 -8.261324 -5.111802 16.13521 0 0 0.5437315
40 -21.9325 15.24135 0 0 0 -0.8661397
41 -26.77271 -1.505669E-05 0 0 0 0
42 -5.319727 4.362404E-06 0 0 0 1.086309
time 57
0 0 67.60606 -243.4554 0.7094694 0 0
1 0 0 -25.42013 -1.570796 -0.05868836 1.570796
2 -0.9664395 0 0 0 0 3.029295
3 13.09551 4.900476 0 0 0 0
4 -3.737144 24.75081 -37.464 0.1131145 0.5399963 2.502349
5 18.19704 -4.701087E-05 0 2.885457E-08 2.081958E-08 -0.9305595
6 27.2952 -0.0001901909 0 1.062861E-07 4.688796E-08 1.484229
7 11.50685 3.721203E-05 0 1.744303E-07 9.767869E-08 0.6816818
8 0 0 0 5.415911E-08 -4.879357E-08 -0.6944906
9 -3.737144 24.75081 37.464 2.786277E-08 0.6008786 -0.9041769
10 -18.19704 4.702087E-05 0 3.232829E-08 2.332598E-08 -0.9305595
11 -27.2952 0.0001902305 0 1.149337E-07 4.903581E-08 1.484229
12 -11.50685 -3.721107E-05 0 1.700898E-07 1.006912E-07 0.6816818
13 0 0 0 -2.709918E-08 -4.684839E-08 -0.6944906
14 12.88968 -17.59745 0 -3.141593 0 0
15 4.812697 0 0 0 0 -0.2808553
16 9.673795 0 0 0 0 -0.2808553
17 12.01248 0 0 0 0 -0.2808553
18 11.89191 0 0 0 -1.570451 0
19 0.9499357 0 0 0 0 0
20 21.44688 0 0 0 0 -0.1514762
21 27.2552 0 0 0 0 0
22 17.80445 10.85627 0 0 0 -0.1476571
23 -2.51837 -7.530342 0 1.570796 0 1.651491
24 8.256622 0.633341 0 0 0 0.1786471
25 103.3853 -29.89403 0 0 0 -0.3162964
26 43.83523 -12.40405 0 0 0 -1.373703
27 -16.4158 -41.94849 0 0 0 0.5673603
28 21.30272 0 0 0 0 0.1655347
29 17.62354 -0.02214819 0 0 0 -0.09356953
30 14.86595 0.04589471 0 0 0 -0.09429441
31 5.81367 -1.631575 -12.01451 -0.3149784 1.064137 -0.2563565
32 5.813787 -1.631573 12.01452 -0.3149785 1.064137 2.885236
33 5.6196 -12.042 -21.408 0 0 -2.114541
34 8.261183 5.11185 -16.13516 0 0 0.5437314
35 21.93254 -15.24135 0 0 0 -0.6778312
36 26.77264 3.805277E-06 0 0 0 0
37 5.319719 6.905714E-06 0 0 0 1.086309
38 5.619708 -12.04187 21.408 0 0 1.027052
39 -8.261324 -5.111802 16.13521 0 0 0.5437315
40 -21.9325 15.24135 0 0 0 -0.8661397
41 -26.77271 -1.505669E-05 0 0 0 0
42 -5.319727 4.362404E-06 0 0 0 1.086309
time 58
0 0 67.60606 -243.4554 0.7094694 0 0
1 0 0 -25.42013 -1.570796 -0.05868836 1.570796
2 -0.9664395 0 0 0 0 3.035425
3 13.09551 4.900476 0 0 0 0
4 -3.737144 24.75081 -37.464 0.1131145 0.5399963 2.502349
5 18.19704 -4.701087E-05 0 2.885457E-08 2.081958E-08 -0.9278238
6 27.2952 -0.0001901909 0 1.062861E-07 4.688796E-08 1.484229
7 11.50685 3.721203E-05 0 1.744303E-07 9.767869E-08 0.6816818
8 0 0 0 5.415911E-08 -4.879357E-08 -0.6944906
9 -3.737144 24.75081 37.464 2.786277E-08 0.6008786 -0.9041769
10 -18.19704 4.702087E-05 0 3.232829E-08 2.332598E-08 -0.9278238
11 -27.2952 0.0001902305 0 1.149337E-07 4.903581E-08 1.484229
12 -11.50685 -3.721107E-05 0 1.700898E-07 1.006912E-07 0.6816818
13 0 0 0 -2.709918E-08 -4.684839E-08 -0.6944906
14 12.88968 -17.59745 0 -3.141593 0 0
15 4.812697 0 0 0 0 -0.3414067
16 9.673795 0 0 0 0 -0.3414067
17 12.01248 0 0 0 0 -0.3414067
18 11.89191 0 0 0 -1.570451 0
19 0.9499357 0 0 0 0 0
20 21.44688 0 0 0 0 -0.1521589
21 27.2552 0 0 0 0 0
22 17.80445 10.85627 0 0 0 -0.1452742
23 -2.51837 -7.530342 0 1.570796 0 1.651491
24 8.256622 0.633341 0 0 0 0.2262615
25 103.3853 -29.89403 0 0 0 -0.3162964
26 43.83523 -12.40405 0 0 0 -1.361963
27 -16.4158 -41.94849 0 0 0 0.5673603
28 21.30272 0 0 0 0 0.1588692
29 17.62354 -0.02214819 0 0 0 -0.100235
30 14.86595 0.04589471 0 0 0 -0.1007749
31 5.81367 -1.631575 -12.01451 -0.3149784 1.064137 -0.2563565
32 5.813787 -1.631573 12.01452 -0.3149785 1.064137 2.885236
33 5.6196 -12.042 -21.408 0 0 -2.114541
34 8.261183 5.11185 -16.13516 0 0 0.5437314
35 21.93254 -15.24135 0 0 0 -0.6778312
36 26.77264 3.805277E-06 0 0 0 0
37 5.319719 6.905714E-06 0 0 0 1.086309
38 5.619708 -12.04187 21.408 0 0 1.027052
39 -8.261324 -5.111802 16.13521 0 0 0.5437315
40 -21.9325 15.24135 0 0 0 -0.8661397
41 -26.77271 -1.505669E-05 0 0 0 0
42 -5.319727 4.362404E-06 0 0 0 1.086309
time 59
0 0 67.60606 -243.4554 0.7094694 0 0
1 0 0 -25.42013 -1.570796 -0.05868836 1.570796
2 -0.9664395 0 0 0 0 3.041451
3 13.09551 4.900476 0 0 0 0
4 -3.737144 24.75081 -37.464 0.1131145 0.5399963 2.502349
5 18.19704 -4.701087E-05 0 2.885457E-08 2.081958E-08 -0.926894
6 27.2952 -0.0001901909 0 1.062861E-07 4.688796E-08 1.484229
7 11.50685 3.721203E-05 0 1.744303E-07 9.767869E-08 0.6816818
8 0 0 0 5.415911E-08 -4.879357E-08 -0.6944906
9 -3.737144 24.75081 37.464 2.786277E-08 0.6008786 -0.9041769
10 -18.19704 4.702087E-05 0 3.232829E-08 2.332598E-08 -0.926894
11 -27.2952 0.0001902305 0 1.149337E-07 4.903581E-08 1.484229
12 -11.50685 -3.721107E-05 0 1.700898E-07 1.006912E-07 0.6816818
13 0 0 0 -2.709918E-08 -4.684839E-08 -0.6944906
14 12.88968 -17.59745 0 -3.141593 0 0
15 4.812697 0 0 0 0 -0.3943575
16 9.673795 0 0 0 0 -0.3943575
17 12.01248 0 0 0 0 -0.3943575
18 11.89191 0 0 0 -1.570451 0
19 0.9499357 0 0 0 0 0
20 21.44688 0 0 0 0 -0.152917
21 27.2552 0 0 0 0 0
22 17.80445 10.85627 0 0 0 -0.1426371
23 -2.51837 -7.530342 0 1.570796 0 1.651491
24 8.256622 0.633341 0 0 0 0.2302951
25 103.3853 -29.89403 0 0 0 -0.3162964
26 43.83523 -12.40405 0 0 0 -1.364721
27 -16.4158 -41.94849 0 0 0 0.5673603
28 21.30272 0 0 0 0 0.1532847
29 17.62354 -0.02214819 0 0 0 -0.1058196
30 14.86595 0.04589471 0 0 0 -0.1062044
31 5.81367 -1.631575 -12.01451 -0.3149784 1.064137 -0.2563565
32 5.813787 -1.631573 12.01452 -0.3149785 1.064137 2.885236
33 5.6196 -12.042 -21.408 0 0 -2.114541
34 8.261183 5.11185 -16.13516 0 0 0.5437314
35 21.93254 -15.24135 0 0 0 -0.6778312
36 26.77264 3.805277E-06 0 0 0 0
37 5.319719 6.905714E-06 0 0 0 1.086309
38 5.619708 -12.04187 21.408 0 0 1.027052
39 -8.261324 -5.111802 16.13521 0 0 0.5437315
40 -21.9325 15.24135 0 0 0 -0.8661397
41 -26.77271 -1.505669E-05 0 0 0 0
42 -5.319727 4.362404E-06 0 0 0 1.086309
time 60
0 0 67.60606 -243.4554 0.7094694 0 0
1 0 0 -25.42013 -1.570796 -0.05868836 1.570796
2 -0.9664395 0 0 0 0 3.047364
3 13.09551 4.900476 0 0 0 0
4 -3.737144 24.75081 -37.464 0.1131145 0.5399963 2.502349
5 18.19704 -4.701087E-05 0 2.885457E-08 2.081958E-08 -0.9268743
6 27.2952 -0.0001901909 0 1.062861E-07 4.688796E-08 1.484229
7 11.50685 3.721203E-05 0 1.744303E-07 9.767869E-08 0.6816818
8 0 0 0 5.415911E-08 -4.879357E-08 -0.6944906
9 -3.737144 24.75081 37.464 2.786277E-08 0.6008786 -0.9041769
10 -18.19704 4.702087E-05 0 3.23283E-08 2.332598E-08 -0.9268743
11 -27.2952 0.0001902305 0 1.149337E-07 4.903581E-08 1.484229
12 -11.50685 -3.721107E-05 0 1.700898E-07 1.006912E-07 0.6816818
13 0 0 0 -2.709918E-08 -4.684839E-08 -0.6944906
14 12.88968 -17.59745 0 -3.141593 0 0
15 4.812697 0 0 0 0 -0.4381877
16 9.673795 0 0 0 0 -0.4381877
17 12.01248 0 0 0 0 -0.4381877
18 11.89191 0 0 0 -1.570451 0
19 0.9499357 0 0 0 0 0
20 21.44688 0 0 0 0 -0.1537424
21 27.2552 0 0 0 0 0
22 17.80445 10.85627 0 0 0 -0.1397607
23 -2.51837 -7.530342 0 1.570796 0 1.651491
24 8.256622 0.633341 0 0 0 0.2415891
25 103.3853 -29.89403 0 0 0 -0.3162964
26 43.83523 -12.40405 0 0 0 -1.367479
27 -16.4158 -41.94849 0 0 0 0.5673603
28 21.30272 0 0 0 0 0.1509427
29 17.62354 -0.02214819 0 0 0 -0.1081615
30 14.86595 0.04589471 0 0 0 -0.1084813
31 5.81367 -1.631575 -12.01451 -0.3149784 1.064137 -0.2563565
32 5.813787 -1.631573 12.01452 -0.3149785 1.064137 2.885236
33 5.6196 -12.042 -21.408 0 0 -2.114541
34 8.261183 5.11185 -16.13516 0 0 0.5437314
35 21.93254 -15.24135 0 0 0 -0.6778312
36 26.77264 3.805277E-06 0 0 0 0
37 5.319719 6.905714E-06 0 0 0 1.086309
38 5.619708 -12.04187 21.408 0 0 1.027052
39 -8.261324 -5.111802 16.13521 0 0 0.5437315
40 -21.9325 15.24135 0 0 0 -0.8661397
41 -26.77271 -1.505669E-05 0 0 0 0
42 -5.319727 4.362404E-06 0 0 0 1.086309
time 61
0 0 67.60606 -243.4554 0.7094694 0 0
1 0 0 -25.42013 -1.570796 -0.05868836 1.570796
2 -0.9664395 0 0 0 0 3.053158
3 13.09551 4.900476 0 0 0 0
4 -3.737144 24.75081 -37.464 0.1131145 0.5399963 2.502349
5 18.19704 -4.701087E-05 0 2.885457E-08 2.081958E-08 -0.9268212
6 27.2952 -0.0001901909 0 1.062861E-07 4.688796E-08 1.484229
7 11.50685 3.721203E-05 0 1.744303E-07 9.767869E-08 0.6816818
8 0 0 0 5.415911E-08 -4.879357E-08 -0.6944906
9 -3.737144 24.75081 37.464 2.786277E-08 0.6008786 -0.9041769
10 -18.19704 4.702087E-05 0 3.232829E-08 2.332598E-08 -0.9268212
11 -27.2952 0.0001902305 0 1.149337E-07 4.903581E-08 1.484229
12 -11.50685 -3.721107E-05 0 1.700898E-07 1.006912E-07 0.6816818
13 0 0 0 -2.709918E-08 -4.684839E-08 -0.6944906
14 12.88968 -17.59745 0 -3.141593 0 0
15 4.812697 0 0 0 0 -0.471377
16 9.673795 0 0 0 0 -0.471377
17 12.01248 0 0 0 0 -0.471377
18 11.89191 0 0 0 -1.570451 0
19 0.9499357 0 0 0 0 0
20 21.44688 0 0 0 0 -0.1546273
21 27.2552 0 0 0 0 0
22 17.80445 10.85627 0 0 0 -0.1366599
23 -2.51837 -7.530342 0 1.570796 0 1.651491
24 8.256622 0.633341 0 0 0 0.2589334
25 103.3853 -29.89403 0 0 0 -0.3162964
26 43.83523 -12.40405 0 0 0 -1.388438
27 -16.4158 -41.94849 0 0 0 0.5673603
28 21.30272 0 0 0 0 0.1476972
29 17.62354 -0.02214819 0 0 0 -0.111407
30 14.86595 0.04589471 0 0 0 -0.1116563
31 5.81367 -1.631575 -12.01451 -0.3149784 1.064137 -0.2563565
32 5.813787 -1.631573 12.01452 -0.3149785 1.064137 2.885236
33 5.6196 -12.042 -21.408 0 0 -2.114541
34 8.261183 5.11185 -16.13516 0 0 0.5437314
35 21.93254 -15.24135 0 0 0 -0.6778312
36 26.77264 3.805277E-06 0 0 0 0
37 5.319719 6.905714E-06 0 0 0 1.086309
38 5.619708 -12.04187 21.408 0 0 1.027052
39 -8.261324 -5.111802 16.13521 0 0 0.5437315
40 -21.9325 15.24135 0 0 0 -0.8661397
41 -26.77271 -1.505669E-05 0 0 0 0
42 -5.319727 4.362404E-06 0 0 0 1.086309
time 62
0 0 67.60606 -243.4554 0.7094694 0 0
1 0 0 -25.42013 -1.570796 -0.05868836 1.570796
2 -0.9664395 0 0 0 0 3.058826
3 13.09551 4.900476 0 0 0 0
4 -3.737144 24.75081 -37.464 0.1131145 0.5399963 2.502349
5 18.19704 -4.701087E-05 0 2.885457E-08 2.081958E-08 -0.9267429
6 27.2952 -0.0001901909 0 1.062861E-07 4.688796E-08 1.484229
7 11.50685 3.721203E-05 0 1.744303E-07 9.767869E-08 0.6816818
8 0 0 0 5.415911E-08 -4.879357E-08 -0.6944906
9 -3.737144 24.75081 37.464 2.786277E-08 0.6008786 -0.9041769
10 -18.19704 4.702087E-05 0 3.232829E-08 2.332598E-08 -0.9267429
11 -27.2952 0.0001902305 0 1.149337E-07 4.903581E-08 1.484229
12 -11.50685 -3.721107E-05 0 1.700898E-07 1.006912E-07 0.6816818
13 0 0 0 -2.709918E-08 -4.684839E-08 -0.6944906
14 12.88968 -17.59745 0 -3.141593 0 0
15 4.812697 0 0 0 0 -0.4924052
16 9.673795 0 0 0 0 -0.4924052
17 12.01248 0 0 0 0 -0.4924052
18 11.89191 0 0 0 -1.570451 0
19 0.9499357 0 0 0 0 0
20 21.44688 0 0 0 0 -0.1555638
21 27.2552 0 0 0 0 0
22 17.80445 10.85627 0 0 0 -0.1333498
23 -2.51837 -7.530342 0 1.570796 0 1.651491
24 8.256622 0.633341 0 0 0 0.2811181
25 103.3853 -29.89403 0 0 0 -0.3162964
26 43.83523 -12.40405 0 0 0 -1.438416
27 -16.4158 -41.94849 0 0 0 0.5673603
28 21.30272 0 0 0 0 0.1391408
29 17.62354 -0.02214819 0 0 0 -0.1199634
30 14.86595 0.04589471 0 0 0 -0.1200267
31 5.81367 -1.631575 -12.01451 -0.3149784 1.064137 -0.2563565
32 5.813787 -1.631573 12.01452 -0.3149785 1.064137 2.885236
33 5.6196 -12.042 -21.408 0 0 -2.114541
34 8.261183 5.11185 -16.13516 0 0 0.5437314
35 21.93254 -15.24135 0 0 0 -0.6778312
36 26.77264 3.805277E-06 0 0 0 0
37 5.319719 6.905714E-06 0 0 0 1.086309
38 5.619708 -12.04187 21.408 0 0 1.027052
39 -8.261324 -5.111802 16.13521 0 0 0.5437315
40 -21.9325 15.24135 0 0 0 -0.8661397
41 -26.77271 -1.505669E-05 0 0 0 0
42 -5.319727 4.362404E-06 0 0 0 1.086309
time 63
0 0 67.60606 -243.4554 0.7094694 0 0
1 0 0 -25.42013 -1.570796 -0.05868836 1.570796
2 -0.9664395 0 0 0 0 3.06436
3 13.09551 4.900476 0 0 0 0
4 -3.737144 24.75081 -37.464 0.1131145 0.5399963 2.502349
5 18.19704 -4.701087E-05 0 2.885457E-08 2.081958E-08 -0.9266478
6 27.2952 -0.0001901909 0 1.062861E-07 4.688796E-08 1.484229
7 11.50685 3.721203E-05 0 1.744303E-07 9.767869E-08 0.6816818
8 0 0 0 5.415911E-08 -4.879357E-08 -0.6944906
9 -3.737144 24.75081 37.464 2.786277E-08 0.6008786 -0.9041769
10 -18.19704 4.702087E-05 0 3.232829E-08 2.332598E-08 -0.9266478
11 -27.2952 0.0001902305 0 1.149337E-07 4.903581E-08 1.484229
12 -11.50685 -3.721107E-05 0 1.700898E-07 1.006912E-07 0.6816818
13 0 0 0 -2.709918E-08 -4.684839E-08 -0.6944906
14 12.88968 -17.59745 0 -3.141593 0 0
15 4.812697 0 0 0 0 -0.4997525
16 9.673795 0 0 0 0 -0.4997525
17 12.01248 0 0 0 0 -0.4997525
18 11.89191 0 0 0 -1.570451 0
19 0.9499357 0 0 0 0 0
20 21.44688 0 0 0 0 -0.1565439
21 27.2552 0 0 0 0 0
22 17.80445 10.85627 0 0 0 -0.1298453
23 -2.51837 -7.530342 0 1.570796 0 1.651491
24 8.256622 0.633341 0 0 0 0.306933
25 103.3853 -29.89403 0 0 0 -0.3162964
26 43.83523 -12.40405 0 0 0 -1.498067
27 -16.4158 -41.94849 0 0 0 0.5673603
28 21.30272 0 0 0 0 0.1270439
29 17.62354 -0.02214819 0 0 0 -0.1320603
30 14.86595 0.04589471 0 0 0 -0.1318607
31 5.81367 -1.631575 -12.01451 -0.3149784 1.064137 -0.2563565
32 5.813787 -1.631573 12.01452 -0.3149785 1.064137 2.885236
33 5.6196 -12.042 -21.408 0 0 -2.114541
34 8.261183 5.11185 -16.13516 0 0 0.5437314
35 21.93254 -15.24135 0 0 0 -0.6778312
36 26.77264 3.805277E-06 0 0 0 0
37 5.319719 6.905714E-06 0 0 0 1.086309
38 5.619708 -12.04187 21.408 0 0 1.027052
39 -8.261324 -5.111802 16.13521 0 0 0.5437315
40 -21.9325 15.24135 0 0 0 -0.8661397
41 -26.77271 -1.505669E-05 0 0 0 0
42 -5.319727 4.362404E-06 0 0 0 1.086309
time 64
0 0 67.60606 -243.4554 0.7094694 0 0
1 0 0 -25.42013 -1.570796 -0.05868836 1.570796
2 -0.9664395 0 0 0 0 3.069753
3 13.09551 4.900476 0 0 0 0
4 -3.737144 24.75081 -37.464 0.1131145 0.5399963 2.502349
5 18.19704 -4.701087E-05 0 2.885457E-08 2.081958E-08 -0.9265441
6 27.2952 -0.0001901909 0 1.062861E-07 4.688796E-08 1.484229
7 11.50685 3.721203E-05 0 1.744303E-07 9.767869E-08 0.6816818
8 0 0 0 5.415911E-08 -4.879357E-08 -0.6944906
9 -3.737144 24.75081 37.464 2.786277E-08 0.6008786 -0.9041769
10 -18.19704 4.702087E-05 0 3.232829E-08 2.332598E-08 -0.9265441
11 -27.2952 0.0001902305 0 1.149337E-07 4.903581E-08 1.484229
12 -11.50685 -3.721107E-05 0 1.700898E-07 1.006912E-07 0.6816818
13 0 0 0 -2.709918E-08 -4.684839E-08 -0.6944906
14 12.88968 -17.59745 0 -3.141593 0 0
15 4.812697 0 0 0 0 -0.4977904
16 9.673795 0 0 0 0 -0.4977904
17 12.01248 0 0 0 0 -0.4977904
18 11.89191 0 0 0 -1.570451 0
19 0.9499357 0 0 0 0 0
20 21.44688 0 0 0 0 -0.1575597
21 27.2552 0 0 0 0 0
22 17.80445 10.85627 0 0 0 -0.1261613
23 -2.51837 -7.530342 0 1.570796 0 1.651491
24 8.256622 0.633341 0 0 0 0.3351679
25 103.3853 -29.89403 0 0 0 -0.3162964
26 43.83523 -12.40405 0 0 0 -1.548045
27 -16.4158 -41.94849 0 0 0 0.5673603
28 21.30272 0 0 0 0 0.1131767
29 17.62354 -0.02214819 0 0 0 -0.1459275
30 14.86595 0.04589471 0 0 0 -0.1454264
31 5.81367 -1.631575 -12.01451 -0.3149784 1.064137 -0.2563565
32 5.813787 -1.631573 12.01452 -0.3149785 1.064137 2.885236
33 5.6196 -12.042 -21.408 0 0 -2.114541
34 8.261183 5.11185 -16.13516 0 0 0.5437314
35 21.93254 -15.24135 0 0 0 -0.6778312
36 26.77264 3.805277E-06 0 0 0 0
37 5.319719 6.905714E-06 0 0 0 1.086309
38 5.619708 -12.04187 21.408 0 0 1.027052
39 -8.261324 -5.111802 16.13521 0 0 0.5437315
40 -21.9325 15.24135 0 0 0 -0.8661397
41 -26.77271 -1.505669E-05 0 0 0 0
42 -5.319727 4.362404E-06 0 0 0 1.086309
time 65
0 0 67.60606 -243.4554 0.7094694 0 0
1 0 0 -25.42013 -1.570796 -0.05868836 1.570796
2 -0.9664395 0 0 0 0 3.074998
3 13.09551 4.900476 0 0 0 0
4 -3.737144 24.75081 -37.464 0.1131145 0.5399963 2.502349
5 18.19704 -4.701087E-05 0 2.885457E-08 2.081958E-08 -0.9264406
6 27.2952 -0.0001901909 0 1.062861E-07 4.688796E-08 1.484229
7 11.50685 3.721203E-05 0 1.744303E-07 9.767869E-08 0.6816818
8 0 0 0 5.415911E-08 -4.879357E-08 -0.6944906
9 -3.737144 24.75081 37.464 2.786277E-08 0.6008786 -0.9041769
10 -18.19704 4.702087E-05 0 3.23283E-08 2.332598E-08 -0.9264406
11 -27.2952 0.0001902305 0 1.149337E-07 4.903581E-08 1.484229
12 -11.50685 -3.721107E-05 0 1.700898E-07 1.006912E-07 0.6816818
13 0 0 0 -2.709918E-08 -4.684839E-08 -0.6944906
14 12.88968 -17.59745 0 -3.141593 0 0
15 4.812697 0 0 0 0 -0.4934739
16 9.673795 0 0 0 0 -0.4934739
17 12.01248 0 0 0 0 -0.4934739
18 11.89191 0 0 0 -1.570451 0
19 0.9499357 0 0 0 0 0
20 21.44688 0 0 0 0 -0.1586032
21 27.2552 0 0 0 0 0
22 17.80445 10.85627 0 0 0 -0.1223128
23 -2.51837 -7.530342 0 1.570796 0 1.651491
24 8.256622 0.633341 0 0 0 0.364613
25 103.3853 -29.89403 0 0 0 -0.3162964
26 43.83523 -12.40405 0 0 0 -1.569004
27 -16.4158 -41.94849 0 0 0 0.5673603
28 21.30272 0 0 0 0 0.0993095
29 17.62354 -0.02214819 0 0 0 -0.1597947
30 14.86595 0.04589471 0 0 0 -0.1589922
31 5.81367 -1.631575 -12.01451 -0.3149784 1.064137 -0.2563565
32 5.813787 -1.631573 12.01452 -0.3149785 1.064137 2.885236
33 5.6196 -12.042 -21.408 0 0 -2.114541
34 8.261183 5.11185 -16.13516 0 0 0.5437314
35 21.93254 -15.24135 0 0 0 -0.6778312
36 26.77264 3.805277E-06 0 0 0 0
37 5.319719 6.905714E-06 0 0 0 1.086309
38 5.619708 -12.04187 21.408 0 0 1.027052
39 -8.261324 -5.111802 16.13521 0 0 0.5437315
40 -21.9325 15.24135 0 0 0 -0.8661397
41 -26.77271 -1.505669E-05 0 0 0 0
42 -5.319727 4.362404E-06 0 0 0 1.086309
time 66
0 0 67.60606 -243.4554 0.7094694 0 0
1 0 0 -25.42013 -1.570796 -0.05868836 1.570796
2 -0.9664395 0 0 0 0 3.080087
3 13.09551 4.900476 0 0 0 0
4 -3.737144 24.75081 -37.464 0.1131145 0.5399963 2.502349
5 18.19704 -4.701087E-05 0 2.885457E-08 2.081958E-08 -0.9263455
6 27.2952 -0.0001901909 0 1.062861E-07 4.688796E-08 1.484229
7 11.50685 3.721203E-05 0 1.744303E-07 9.767869E-08 0.6816818
8 0 0 0 5.415911E-08 -4.879357E-08 -0.6944906
9 -3.737144 24.75081 37.464 2.786277E-08 0.6008786 -0.9041769
10 -18.19704 4.702087E-05 0 3.23283E-08 2.332598E-08 -0.9263455
11 -27.2952 0.0001902305 0 1.149337E-07 4.903581E-08 1.484229
12 -11.50685 -3.721107E-05 0 1.700898E-07 1.006912E-07 0.6816818
13 0 0 0 -2.709918E-08 -4.684839E-08 -0.6944906
14 12.88968 -17.59745 0 -3.141593 0 0
15 4.812697 0 0 0 0 -0.4891573
16 9.673795 0 0 0 0 -0.4891573
17 12.01248 0 0 0 0 -0.4891573
18 11.89191 0 0 0 -1.570451 0
19 0.9499357 0 0 0 0 0
20 21.44688 0 0 0 0 -0.1596666
21 27.2552 0 0 0 0 0
22 17.80445 10.85627 0 0 0 -0.1183147
23 -2.51837 -7.530342 0 1.570796 0 1.651491
24 8.256622 0.633341 0 0 0 0.394058
25 103.3853 -29.89403 0 0 0 -0.3162964
26 43.83523 -12.40405 0 0 0 -1.561414
27 -16.4158 -41.94849 0 0 0 0.5673603
28 21.30272 0 0 0 0 0.08721258
29 17.62354 -0.02214819 0 0 0 -0.1718917
30 14.86595 0.04589471 0 0 0 -0.1708262
31 5.81367 -1.631575 -12.01451 -0.3149784 1.064137 -0.2563565
32 5.813787 -1.631573 12.01452 -0.3149785 1.064137 2.885236
33 5.6196 -12.042 -21.408 0 0 -2.114541
34 8.261183 5.11185 -16.13516 0 0 0.5437314
35 21.93254 -15.24135 0 0 0 -0.6778312
36 26.77264 3.805277E-06 0 0 0 0
37 5.319719 6.905714E-06 0 0 0 1.086309
38 5.619708 -12.04187 21.408 0 0 1.027052
39 -8.261324 -5.111802 16.13521 0 0 0.5437315
40 -21.9325 15.24135 0 0 0 -0.8661397
41 -26.77271 -1.505669E-05 0 0 0 0
42 -5.319727 4.362404E-06 0 0 0 1.086309
time 67
0 0 67.60606 -243.4554 0.7094694 0 0
1 0 0 -25.42013 -1.570796 -0.05868836 1.570796
2 -0.9664395 0 0 0 0 3.085014
3 13.09551 4.900476 0 0 0 0
4 -3.737144 24.75081 -37.464 0.1131145 0.5399963 2.502349
5 18.19704 -4.701087E-05 0 2.885457E-08 2.081958E-08 -0.9262671
6 27.2952 -0.0001901909 0 1.062861E-07 4.688796E-08 1.484229
7 11.50685 3.721203E-05 0 1.744303E-07 9.767869E-08 0.6816818
8 0 0 0 5.415911E-08 -4.879357E-08 -0.6944906
9 -3.737144 24.75081 37.464 2.786277E-08 0.6008786 -0.9041769
10 -18.19704 4.702087E-05 0 3.23283E-08 2.332598E-08 -0.9262671
11 -27.2952 0.0001902305 0 1.149337E-07 4.903581E-08 1.484229
12 -11.50685 -3.721107E-05 0 1.700898E-07 1.006912E-07 0.6816818
13 0 0 0 -2.709918E-08 -4.684839E-08 -0.6944906
14 12.88968 -17.59745 0 -3.141593 0 0
15 4.812697 0 0 0 0 -0.4871952
16 9.673795 0 0 0 0 -0.4871952
17 12.01248 0 0 0 0 -0.4871952
18 11.89191 0 0 0 -1.570451 0
19 0.9499357 0 0 0 0 0
20 21.44688 0 0 0 0 -0.1607418
21 27.2552 0 0 0 0 0
22 17.80445 10.85627 0 0 0 -0.1141821
23 -2.51837 -7.530342 0 1.570796 0 1.651491
24 8.256622 0.633341 0 0 0 0.422293
25 103.3853 -29.89403 0 0 0 -0.3162964
26 43.83523 -12.40405 0 0 0 -1.553825
27 -16.4158 -41.94849 0 0 0 0.5673603
28 21.30272 0 0 0 0 0.0786562
29 17.62354 -0.02214819 0 0 0 -0.180448
30 14.86595 0.04589471 0 0 0 -0.1791965
31 5.81367 -1.631575 -12.01451 -0.3149784 1.064137 -0.2563565
32 5.813787 -1.631573 12.01452 -0.3149785 1.064137 2.885236
33 5.6196 -12.042 -21.408 0 0 -2.114541
34 8.261183 5.11185 -16.13516 0 0 0.5437314
35 21.93254 -15.24135 0 0 0 -0.6778312
36 26.77264 3.805277E-06 0 0 0 0
37 5.319719 6.905714E-06 0 0 0 1.086309
38 5.619708 -12.04187 21.408 0 0 1.027052
39 -8.261324 -5.111802 16.13521 0 0 0.5437315
40 -21.9325 15.24135 0 0 0 -0.8661397
41 -26.77271 -1.505669E-05 0 0 0 0
42 -5.319727 4.362404E-06 0 0 0 1.086309
time 68
0 0 67.60606 -243.4554 0.7094694 0 0
1 0 0 -25.42013 -1.570796 -0.05868836 1.570796
2 -0.9664395 0 0 0 0 3.089771
3 13.09551 4.900476 0 0 0 0
4 -3.737144 24.75081 -37.464 0.1131145 0.5399963 2.502349
5 18.19704 -4.701087E-05 0 2.885457E-08 2.081958E-08 -0.926214
6 27.2952 -0.0001901909 0 1.062861E-07 4.688796E-08 1.484229
7 11.50685 3.721203E-05 0 1.744303E-07 9.767869E-08 0.6816818
8 0 0 0 5.415911E-08 -4.879357E-08 -0.6944906
9 -3.737144 24.75081 37.464 2.786277E-08 0.6008786 -0.9041769
10 -18.19704 4.702087E-05 0 3.23283E-08 2.332598E-08 -0.926214
11 -27.2952 0.0001902305 0 1.149337E-07 4.903581E-08 1.484229
12 -11.50685 -3.721107E-05 0 1.700898E-07 1.006912E-07 0.6816818
13 0 0 0 -2.709918E-08 -4.684839E-08 -0.6944906
14 12.88968 -17.59745 0 -3.141593 0 0
15 4.812697 0 0 0 0 -0.4845544
16 9.673795 0 0 0 0 -0.4845544
17 12.01248 0 0 0 0 -0.4845544
18 11.89191 0 0 0 -1.570451 0
19 0.9499357 0 0 0 0 0
20 21.44688 0 0 0 0 -0.161821
21 27.2552 0 0 0 0 0
22 17.80445 10.85627 0 0 0 -0.1099298
23 -2.51837 -7.530342 0 1.570796 0 1.651491
24 8.256622 0.633341 0 0 0 0.4481079
25 103.3853 -29.89403 0 0 0 -0.3162964
26 43.83523 -12.40405 0 0 0 -1.537608
27 -16.4158 -41.94849 0 0 0 0.5673603
28 21.30272 0 0 0 0 0.07541069
29 17.62354 -0.02214819 0 0 0 -0.1836935
30 14.86595 0.04589471 0 0 0 -0.1823715
31 5.81367 -1.631575 -12.01451 -0.3149784 1.064137 -0.2563565
32 5.813787 -1.631573 12.01452 -0.3149785 1.064137 2.885236
33 5.6196 -12.042 -21.408 0 0 -2.114541
34 8.261183 5.11185 -16.13516 0 0 0.5437314
35 21.93254 -15.24135 0 0 0 -0.6778312
36 26.77264 3.805277E-06 0 0 0 0
37 5.319719 6.905714E-06 0 0 0 1.086309
38 5.619708 -12.04187 21.408 0 0 1.027052
39 -8.261324 -5.111802 16.13521 0 0 0.5437315
40 -21.9325 15.24135 0 0 0 -0.8661397
41 -26.77271 -1.505669E-05 0 0 0 0
42 -5.319727 4.362404E-06 0 0 0 1.086309
time 69
0 0 67.60606 -243.4554 0.7094694 0 0
1 0 0 -25.42013 -1.570796 -0.05868836 1.570796
2 -0.9664395 0 0 0 0 3.09435
3 13.09551 4.900476 0 0 0 0
4 -3.737144 24.75081 -37.464 0.1131145 0.5399963 2.502349
5 18.19704 -4.701087E-05 0 2.885457E-08 2.081958E-08 -0.9261943
6 27.2952 -0.0001901909 0 1.062861E-07 4.688796E-08 1.484229
7 11.50685 3.721203E-05 0 1.744303E-07 9.767869E-08 0.6816818
8 0 0 0 5.415911E-08 -4.879357E-08 -0.6944906
9 -3.737144 24.75081 37.464 2.786277E-08 0.6008786 -0.9041769
10 -18.19704 4.702087E-05 0 3.23283E-08 2.332598E-08 -0.9261943
11 -27.2952 0.0001902305 0 1.149337E-07 4.903581E-08 1.484229
12 -11.50685 -3.721107E-05 0 1.700898E-07 1.006912E-07 0.6816818
13 0 0 0 -2.709918E-08 -4.684839E-08 -0.6944906
14 12.88968 -17.59745 0 -3.141593 0 0
15 4.812697 0 0 0 0 -0.4768893
16 9.673795 0 0 0 0 -0.4768893
17 12.01248 0 0 0 0 -0.4768893
18 11.89191 0 0 0 -1.570451 0
19 0.9499357 0 0 0 0 0
20 21.44688 0 0 0 0 -0.1628963
21 27.2552 0 0 0 0 0
22 17.80445 10.85627 0 0 0 -0.1055728
23 -2.51837 -7.530342 0 1.570796 0 1.651491
24 8.256622 0.633341 0 0 0 0.4702925
25 103.3853 -29.89403 0 0 0 -0.3162964
26 43.83523 -12.40405 0 0 0 -1.495785
27 -16.4158 -41.94849 0 0 0 0.5673603
28 21.30272 0 0 0 0 0.08081433
29 17.62354 -0.02214819 0 0 0 -0.1782899
30 14.86595 0.04589471 0 0 0 -0.1774049
31 5.81367 -1.631575 -12.01451 -0.3149784 1.064137 -0.2563565
32 5.813787 -1.631573 12.01452 -0.3149785 1.064137 2.885236
33 5.6196 -12.042 -21.408 0 0 -2.114541
34 8.261183 5.11185 -16.13516 0 0 0.5437314
35 21.93254 -15.24135 0 0 0 -0.6778312
36 26.77264 3.805277E-06 0 0 0 0
37 5.319719 6.905714E-06 0 0 0 1.086309
38 5.619708 -12.04187 21.408 0 0 1.027052
39 -8.261324 -5.111802 16.13521 0 0 0.5437315
40 -21.9325 15.24135 0 0 0 -0.8661397
41 -26.77271 -1.505669E-05 0 0 0 0
42 -5.319727 4.362404E-06 0 0 0 1.086309
time 70
0 0 67.60606 -243.4554 0.7094694 0 0
1 0 0 -25.42013 -1.570796 -0.05868836 1.570796
2 -0.9664395 0 0 0 0 3.098746
3 13.09551 4.900476 0 0 0 0
4 -3.737144 24.75081 -37.464 0.1131145 0.5399963 2.502349
5 18.19704 -4.701087E-05 0 2.885457E-08 2.081958E-08 -0.9261943
6 27.2952 -0.0001901909 0 1.062861E-07 4.688796E-08 1.484229
7 11.50685 3.721203E-05 0 1.744303E-07 9.767869E-08 0.6816818
8 0 0 0 5.415911E-08 -4.879357E-08 -0.6944906
9 -3.737144 24.75081 37.464 2.786277E-08 0.6008786 -0.9041769
10 -18.19704 4.702087E-05 0 3.23283E-08 2.332598E-08 -0.9261943
11 -27.2952 0.0001902305 0 1.149337E-07 4.903581E-08 1.484229
12 -11.50685 -3.721107E-05 0 1.700898E-07 1.006912E-07 0.6816818
13 0 0 0 -2.709918E-08 -4.684839E-08 -0.6944906
14 12.88968 -17.59745 0 -3.141593 0 0
15 4.812697 0 0 0 0 -0.4645866
16 9.673795 0 0 0 0 -0.4645866
17 12.01248 0 0 0 0 -0.4645866
18 11.89191 0 0 0 -1.570451 0
19 0.9499357 0 0 0 0 0
20 21.44688 0 0 0 0 -0.1639596
21 27.2552 0 0 0 0 0
22 17.80445 10.85627 0 0 0 -0.1011261
23 -2.51837 -7.530342 0 1.570796 0 1.651491
24 8.256622 0.633341 0 0 0 0.4876369
25 103.3853 -29.89403 0 0 0 -0.3162964
26 43.83523 -12.40405 0 0 0 -1.438599
27 -16.4158 -41.94849 0 0 0 0.5673603
28 21.30272 0 0 0 0 0.09084968
29 17.62354 -0.02214819 0 0 0 -0.1682546
30 14.86595 0.04589471 0 0 0 -0.1681813
31 5.81367 -1.631575 -12.01451 -0.3149784 1.064137 -0.2563565
32 5.813787 -1.631573 12.01452 -0.3149785 1.064137 2.885236
33 5.6196 -12.042 -21.408 0 0 -2.114541
34 8.261183 5.11185 -16.13516 0 0 0.5437314
35 21.93254 -15.24135 0 0 0 -0.6778312
36 26.77264 3.805277E-06 0 0 0 0
37 5.319719 6.905714E-06 0 0 0 1.086309
38 5.619708 -12.04187 21.408 0 0 1.027052
39 -8.261324 -5.111802 16.13521 0 0 0.5437315
40 -21.9325 15.24135 0 0 0 -0.8661397
41 -26.77271 -1.505669E-05 0 0 0 0
42 -5.319727 4.362404E-06 0 0 0 1.086309
time 71
0 0 67.60606 -243.4554 0.7094694 0 0
1 0 0 -25.42013 -1.570796 -0.05868836 1.570796
2 -0.9664395 0 0 0 0 3.10295
3 13.09551 4.900476 0 0 0 0
4 -3.737144 24.75081 -37.464 0.1131145 0.5399963 2.502349
5 18.19704 -4.701087E-05 0 2.885457E-08 2.081958E-08 -0.9261943
6 27.2952 -0.0001901909 0 1.062861E-07 4.688796E-08 1.484229
7 11.50685 3.721203E-05 0 1.744303E-07 9.767869E-08 0.6816818
8 0 0 0 5.415911E-08 -4.879357E-08 -0.6944906
9 -3.737144 24.75081 37.464 2.786277E-08 0.6008786 -0.9041769
10 -18.19704 4.702087E-05 0 3.23283E-08 2.332598E-08 -0.9261943
11 -27.2952 0.0001902305 0 1.149337E-07 4.903581E-08 1.484229
12 -11.50685 -3.721107E-05 0 1.700898E-07 1.006912E-07 0.6816818
13 0 0 0 -2.709918E-08 -4.684839E-08 -0.6944906
14 12.88968 -17.59745 0 -3.141593 0 0
15 4.812697 0 0 0 0 -0.4480328
16 9.673795 0 0 0 0 -0.4480328
17 12.01248 0 0 0 0 -0.4480328
18 11.89191 0 0 0 -1.570451 0
19 0.9499357 0 0 0 0 0
20 21.44688 0 0 0 0 -0.1650032
21 27.2552 0 0 0 0 0
22 17.80445 10.85627 0 0 0 -0.09660459
23 -2.51837 -7.530342 0 1.570796 0 1.651491
24 8.256622 0.633341 0 0 0 0.4989308
25 103.3853 -29.89403 0 0 0 -0.3162964
26 43.83523 -12.40405 0 0 0 -1.376292
27 -16.4158 -41.94849 0 0 0 0.5673603
28 21.30272 0 0 0 0 0.09625334
29 17.62354 -0.02214819 0 0 0 -0.1628509
30 14.86595 0.04589471 0 0 0 -0.1632148
31 5.81367 -1.631575 -12.01451 -0.3149784 1.064137 -0.2563565
32 5.813787 -1.631573 12.01452 -0.3149785 1.064137 2.885236
33 5.6196 -12.042 -21.408 0 0 -2.114541
34 8.261183 5.11185 -16.13516 0 0 0.5437314
35 21.93254 -15.24135 0 0 0 -0.6778312
36 26.77264 3.805277E-06 0 0 0 0
37 5.319719 6.905714E-06 0 0 0 1.086309
38 5.619708 -12.04187 21.408 0 0 1.027052
39 -8.261324 -5.111802 16.13521 0 0 0.5437315
40 -21.9325 15.24135 0 0 0 -0.8661397
41 -26.77271 -1.505669E-05 0 0 0 0
42 -5.319727 4.362404E-06 0 0 0 1.086309
time 72
0 0 67.60606 -243.4554 0.7094694 0 0
1 0 0 -25.42013 -1.570796 -0.05868836 1.570796
2 -0.9664395 0 0 0 0 3.106955
3 13.09551 4.900476 0 0 0 0
4 -3.737144 24.75081 -37.464 0.1131145 0.5399963 2.502349
5 18.19704 -4.701087E-05 0 2.885457E-08 2.081958E-08 -0.9261943
6 27.2952 -0.0001901909 0 1.062861E-07 4.688796E-08 1.484229
7 11.50685 3.721203E-05 0 1.744303E-07 9.767869E-08 0.6816818
8 0 0 0 5.415911E-08 -4.879357E-08 -0.6944906
9 -3.737144 24.75081 37.464 2.786277E-08 0.6008786 -0.9041769
10 -18.19704 4.702087E-05 0 3.23283E-08 2.332598E-08 -0.9261943
11 -27.2952 0.0001902305 0 1.149337E-07 4.903581E-08 1.484229
12 -11.50685 -3.721107E-05 0 1.700898E-07 1.006912E-07 0.6816818
13 0 0 0 -2.709918E-08 -4.684839E-08 -0.6944906
14 12.88968 -17.59745 0 -3.141593 0 0
15 4.812697 0 0 0 0 -0.4276142
16 9.673795 0 0 0 0 -0.4276142
17 12.01248 0 0 0 0 -0.4276142
18 11.89191 0 0 0 -1.570451 0
19 0.9499357 0 0 0 0 0
20 21.44688 0 0 0 0 -0.1660189
21 27.2552 0 0 0 0 0
22 17.80445 10.85627 0 0 0 -0.09202326
23 -2.51837 -7.530342 0 1.570796 0 1.651491
24 8.256622 0.633341 0 0 0 0.5029644
25 103.3853 -29.89403 0 0 0 -0.3162964
26 43.83523 -12.40405 0 0 0 -1.319106
27 -16.4158 -41.94849 0 0 0 0.5673603
28 21.30272 0 0 0 0 0.1061312
29 17.62354 -0.02214819 0 0 0 -0.1529731
30 14.86595 0.04589471 0 0 0 -0.1533371
31 5.81367 -1.631575 -12.01451 -0.3149784 1.064137 -0.2563565
32 5.813787 -1.631573 12.01452 -0.3149785 1.064137 2.885236
33 5.6196 -12.042 -21.408 0 0 -2.114541
34 8.261183 5.11185 -16.13516 0 0 0.5437314
35 21.93254 -15.24135 0 0 0 -0.6778312
36 26.77264 3.805277E-06 0 0 0 0
37 5.319719 6.905714E-06 0 0 0 1.086309
38 5.619708 -12.04187 21.408 0 0 1.027052
39 -8.261324 -5.111802 16.13521 0 0 0.5437315
40 -21.9325 15.24135 0 0 0 -0.8661397
41 -26.77271 -1.505669E-05 0 0 0 0
42 -5.319727 4.362404E-06 0 0 0 1.086309
time 73
0 0 67.60606 -243.4554 0.7094694 0 0
1 0 0 -25.42013 -1.570796 -0.05868836 1.570796
2 -0.9664395 0 0 0 0 3.110754
3 13.09551 4.900476 0 0 0 0
4 -3.737144 24.75081 -37.464 0.1131145 0.5399963 2.502349
5 18.19704 -4.701087E-05 0 2.885457E-08 2.081958E-08 -0.9261943
6 27.2952 -0.0001901909 0 1.062861E-07 4.688796E-08 1.484229
7 11.50685 3.721203E-05 0 1.744303E-07 9.767869E-08 0.6816818
8 0 0 0 5.415911E-08 -4.879357E-08 -0.6944906
9 -3.737144 24.75081 37.464 2.786277E-08 0.6008786 -0.9041769
10 -18.19704 4.702087E-05 0 3.23283E-08 2.332598E-08 -0.9261943
11 -27.2952 0.0001902305 0 1.149337E-07 4.903581E-08 1.484229
12 -11.50685 -3.721107E-05 0 1.700898E-07 1.006912E-07 0.6816818
13 0 0 0 -2.709918E-08 -4.684839E-08 -0.6944906
14 12.88968 -17.59745 0 -3.141593 0 0
15 4.812697 0 0 0 0 -0.4037174
16 9.673795 0 0 0 0 -0.4037174
17 12.01248 0 0 0 0 -0.4037174
18 11.89191 0 0 0 -1.570451 0
19 0.9499357 0 0 0 0 0
20 21.44688 0 0 0 0 -0.1669991
21 27.2552 0 0 0 0 0
22 17.80445 10.85627 0 0 0 -0.08739711
23 -2.51837 -7.530342 0 1.570796 0 1.651491
24 8.256622 0.633341 0 0 0 0.4880769
25 103.3853 -29.89403 0 0 0 -0.3162964
26 43.83523 -12.40405 0 0 0 -1.277283
27 -16.4158 -41.94849 0 0 0 0.5673603
28 21.30272 0 0 0 0 0.1321727
29 17.62354 -0.02214819 0 0 0 -0.1269315
30 14.86595 0.04589471 0 0 0 -0.1272959
31 5.81367 -1.631575 -12.01451 -0.3149784 1.064137 -0.2563565
32 5.813787 -1.631573 12.01452 -0.3149785 1.064137 2.885236
33 5.6196 -12.042 -21.408 0 0 -2.114541
34 8.261183 5.11185 -16.13516 0 0 0.5437314
35 21.93254 -15.24135 0 0 0 -0.6778312
36 26.77264 3.805277E-06 0 0 0 0
37 5.319719 6.905714E-06 0 0 0 1.086309
38 5.619708 -12.04187 21.408 0 0 1.027052
39 -8.261324 -5.111802 16.13521 0 0 0.5437315
40 -21.9325 15.24135 0 0 0 -0.8661397
41 -26.77271 -1.505669E-05 0 0 0 0
42 -5.319727 4.362404E-06 0 0 0 1.086309
time 74
0 0 67.60606 -243.9578 0.7204433 0 0
1 0 0 -25.42013 -1.570796 -0.05868836 1.570796
2 -0.9664395 0 0 0 0 3.11434
3 13.09551 4.900476 0 0 0 0
4 -3.737144 24.75081 -37.464 0.1131145 0.5399963 2.502349
5 18.19704 -4.701087E-05 0 2.885457E-08 2.081958E-08 -0.9261943
6 27.2952 -0.0001901909 0 1.062861E-07 4.688796E-08 1.484229
7 11.50685 3.721203E-05 0 1.744303E-07 9.767869E-08 0.6816818
8 0 0 0 5.415911E-08 -4.879357E-08 -0.6944906
9 -3.737144 24.75081 37.464 2.786277E-08 0.6008786 -0.9041769
10 -18.19704 4.702087E-05 0 3.23283E-08 2.332598E-08 -0.9261943
11 -27.2952 0.0001902305 0 1.149337E-07 4.903581E-08 1.484229
12 -11.50685 -3.721107E-05 0 1.700898E-07 1.006912E-07 0.6816818
13 0 0 0 -2.709918E-08 -4.684839E-08 -0.6944906
14 12.88968 -17.59745 0 -3.141593 0 0
15 4.812697 0 0 0 0 -0.3767289
16 9.673795 0 0 0 0 -0.3767289
17 12.01248 0 0 0 0 -0.3767289
18 11.89191 0 0 0 -1.570451 0
19 0.9499357 0 0 0 0 0
20 21.44688 0 0 0 0 -0.1679355
21 27.2552 0 0 0 0 0
22 17.80445 10.85627 0 0 0 -0.08274101
23 -2.51837 -7.530342 0 1.570796 0 1.651491
24 8.256622 0.633341 0 0 0 0.4731894
25 103.3853 -29.89403 0 0 0 -0.3162964
26 43.83523 -12.40405 0 0 0 -1.261066
27 -16.4158 -41.94849 0 0 0 0.5673603
28 21.30272 0 0 0 0 0.1689902
29 17.62354 -0.02214819 0 0 0 -0.09011412
30 14.86595 0.04589471 0 0 0 -0.09047915
31 5.81367 -1.631575 -12.01451 -0.3149784 1.064137 -0.2563565
32 5.813787 -1.631573 12.01452 -0.3149785 1.064137 2.885236
33 5.6196 -12.042 -21.408 0 0 -2.114541
34 8.261183 5.11185 -16.13516 0 0 0.5437314
35 21.93254 -15.24135 0 0 0 -0.6778312
36 26.77264 3.805277E-06 0 0 0 0
37 5.319719 6.905714E-06 0 0 0 1.086309
38 5.619708 -12.04187 21.408 0 0 1.027052
39 -8.261324 -5.111802 16.13521 0 0 0.5437315
40 -21.9325 15.24135 0 0 0 -0.8661397
41 -26.77271 -1.505669E-05 0 0 0 0
42 -5.319727 4.362404E-06 0 0 0 1.086309
time 75
0 0 64.74776 -244.4602 0.7314175 0 0
1 0 0 -25.42013 -1.570796 -0.05868836 1.570796
2 -0.9664395 0 0 0 0 3.117705
3 13.09551 4.900476 0 0 0 0
4 -3.737144 24.75081 -37.464 0.1131145 0.5399963 2.502349
5 18.19704 -4.701087E-05 0 2.885457E-08 2.081958E-08 -0.9261943
6 27.2952 -0.0001901909 0 1.062861E-07 4.688796E-08 1.484229
7 11.50685 3.721203E-05 0 1.744303E-07 9.767869E-08 0.6816818
8 0 0 0 5.415911E-08 -4.879357E-08 -0.6944906
9 -3.737144 24.75081 37.464 2.786277E-08 0.6008786 -0.9041769
10 -18.19704 4.702087E-05 0 3.23283E-08 2.332598E-08 -0.9261943
11 -27.2952 0.0001902305 0 1.149337E-07 4.903581E-08 1.484229
12 -11.50685 -3.721107E-05 0 1.700898E-07 1.006912E-07 0.6816818
13 0 0 0 -2.709918E-08 -4.684839E-08 -0.6944906
14 12.88968 -17.59745 0 -3.141593 0 0
15 4.812697 0 0 0 0 -0.347035
16 9.673795 0 0 0 0 -0.347035
17 12.01248 0 0 0 0 -0.347035
18 11.89191 0 0 0 -1.570451 0
19 0.9499357 0 0 0 0 0
20 21.44688 0 0 0 0 -0.1688205
21 27.2552 0 0 0 0 0
22 17.80445 10.85627 0 0 0 -0.07806995
23 -2.51837 -7.530342 0 1.570796 0 1.651491
24 8.256622 0.633341 0 0 0 0.4253753
25 103.3853 -29.89403 0 0 0 -0.3162964
26 43.83523 -12.40405 0 0 0 -1.275747
27 -16.4158 -41.94849 0 0 0 0.5673603
28 21.30272 0 0 0 0 0.2111955
29 17.62354 -0.02214819 0 0 0 -0.04790883
30 14.86595 0.04589471 0 0 0 -0.04827453
31 5.81367 -1.631575 -12.01451 -0.3149784 1.064137 -0.2563565
32 5.813787 -1.631573 12.01452 -0.3149785 1.064137 2.885236
33 5.6196 -12.042 -21.408 0 0 -2.114541
34 8.261183 5.11185 -16.13516 0 0 0.5437314
35 21.93254 -15.24135 0 0 0 -0.6778312
36 26.77264 3.805277E-06 0 0 0 0
37 5.319719 6.905714E-06 0 0 0 1.086309
38 5.619708 -12.04187 21.408 0 0 1.027052
39 -8.261324 -5.111802 16.13521 0 0 0.5437315
40 -21.9325 15.24135 0 0 0 -0.8661397
41 -26.77271 -1.505669E-05 0 0 0 0
42 -5.319727 4.362404E-06 0 0 0 1.086309
time 76
0 0 60.37626 -248.4688 0.7593798 0 0
1 0 0 -25.42013 -1.570796 -0.05868836 1.570796
2 -0.9664395 0 0 0 0 3.120843
3 13.09551 4.900476 0 0 0 0
4 -3.737144 24.75081 -37.464 0.1131145 0.5399963 2.502349
5 18.19704 -4.701087E-05 0 2.885457E-08 2.081958E-08 -0.9261943
6 27.2952 -0.0001901909 0 1.062861E-07 4.688796E-08 1.484229
7 11.50685 3.721203E-05 0 1.744303E-07 9.767869E-08 0.6816818
8 0 0 0 5.415911E-08 -4.879357E-08 -0.6944906
9 -3.737144 24.75081 37.464 2.786277E-08 0.6008786 -0.9041769
10 -18.19704 4.702087E-05 0 3.23283E-08 2.332598E-08 -0.9261943
11 -27.2952 0.0001902305 0 1.149337E-07 4.903581E-08 1.484229
12 -11.50685 -3.721107E-05 0 1.700898E-07 1.006912E-07 0.6816818
13 0 0 0 -2.709918E-08 -4.684839E-08 -0.6944906
14 12.88968 -17.59745 0 -3.141593 0 0
15 4.812697 0 0 0 0 -0.3150222
16 9.673795 0 0 0 0 -0.3150222
17 12.01248 0 0 0 0 -0.3150222
18 11.89191 0 0 0 -1.570451 0
19 0.9499357 0 0 0 0 0
20 21.44688 0 0 0 0 -0.1696459
21 27.2552 0 0 0 0 0
22 17.80445 10.85627 0 0 0 -0.07339892
23 -2.51837 -7.530342 0 1.570796 0 1.651491
24 8.256622 0.633341 0 0 0 0.30584
25 103.3853 -29.89403 0 0 0 -0.3162964
26 43.83523 -12.40405 0 0 0 -1.310757
27 -16.4158 -41.94849 0 0 0 0.5673603
28 21.30272 0 0 0 0 0.2534008
29 17.62354 -0.02214819 0 0 0 -0.005703545
30 14.86595 0.04589471 0 0 0 -0.006069897
31 5.81367 -1.631575 -12.01451 -0.3149784 1.064137 -0.2563565
32 5.813787 -1.631573 12.01452 -0.3149785 1.064137 2.885236
33 5.6196 -12.042 -21.408 0 0 -2.114541
34 8.261183 5.11185 -16.13516 0 0 0.5437314
35 21.93254 -15.24135 0 0 0 -0.6778312
36 26.77264 3.805277E-06 0 0 0 0
37 5.319719 6.905714E-06 0 0 0 1.086309
38 5.619708 -12.04187 21.408 0 0 1.027052
39 -8.261324 -5.111802 16.13521 0 0 0.5437315
40 -21.9325 15.24135 0 0 0 -0.8661397
41 -26.77271 -1.505669E-05 0 0 0 0
42 -5.319727 4.362404E-06 0 0 0 1.086309
time 77
0 0 56.00476 -252.4775 0.8402025 0 0
1 0 0 -25.42013 -1.570796 -0.05868836 1.570796
2 -0.9664395 0 0 0 0 3.123746
3 13.09551 4.900476 0 0 0 0
4 -3.737144 24.75081 -37.464 0.1131145 0.5399963 2.502349
5 18.19704 -4.701087E-05 0 2.885457E-08 2.081958E-08 -0.9261943
6 27.2952 -0.0001901909 0 1.062861E-07 4.688796E-08 1.484229
7 11.50685 3.721203E-05 0 1.744303E-07 9.767869E-08 0.6816818
8 0 0 0 5.415911E-08 -4.879357E-08 -0.6944906
9 -3.737144 24.75081 37.464 2.786277E-08 0.6008786 -0.9041769
10 -18.19704 4.702087E-05 0 3.23283E-08 2.332598E-08 -0.9261943
11 -27.2952 0.0001902305 0 1.149337E-07 4.903581E-08 1.484229
12 -11.50685 -3.721107E-05 0 1.700898E-07 1.006912E-07 0.6816818
13 0 0 0 -2.709918E-08 -4.684839E-08 -0.6944906
14 12.88968 -17.59745 0 -3.141593 0 0
15 4.812697 0 0 0 0 -0.2810772
16 9.673795 0 0 0 0 -0.2810772
17 12.01248 0 0 0 0 -0.2810772
18 11.89191 0 0 0 -1.570451 0
19 0.9499357 0 0 0 0 0
20 21.44688 0 0 0 0 -0.1704039
21 27.2552 0 0 0 0 0
22 17.80445 10.85627 0 0 0 -0.06874283
23 -2.51837 -7.530342 0 1.570796 0 1.651491
24 8.256622 0.633341 0 0 0 0.1504442
25 103.3853 -29.89403 0 0 0 -0.3162964
26 43.83523 -12.40405 0 0 0 -1.352542
27 -16.4158 -41.94849 0 0 0 0.5673603
28 21.30272 0 0 0 0 0.2902182
29 17.62354 -0.02214819 0 0 0 0.03111383
30 14.86595 0.04589471 0 0 0 0.03074691
31 5.81367 -1.631575 -12.01451 -0.3149784 1.064137 -0.2563565
32 5.813787 -1.631573 12.01452 -0.3149785 1.064137 2.885236
33 5.6196 -12.042 -21.408 0 0 -2.114541
34 8.261183 5.11185 -16.13516 0 0 0.5437314
35 21.93254 -15.24135 0 0 0 -0.6778312
36 26.77264 3.805277E-06 0 0 0 0
37 5.319719 6.905714E-06 0 0 0 1.086309
38 5.619708 -12.04187 21.408 0 0 1.027052
39 -8.261324 -5.111802 16.13521 0 0 0.5437315
40 -21.9325 15.24135 0 0 0 -0.8661397
41 -26.77271 -1.505669E-05 0 0 0 0
42 -5.319727 4.362404E-06 0 0 0 1.086309
time 78
0 0 60.20813 -259.3399 0.969289 0 0
1 0 0 -25.42013 -1.570796 -0.05868836 1.570796
2 -0.9664395 0 0 0 0 3.126406
3 13.09551 4.900476 0 0 0 0
4 -3.737144 24.75081 -37.464 0.1131145 0.5399963 2.502349
5 18.19704 -4.701087E-05 0 2.885457E-08 2.081958E-08 -0.9261943
6 27.2952 -0.0001901909 0 1.062861E-07 4.688796E-08 1.484229
7 11.50685 3.721203E-05 0 1.744303E-07 9.767869E-08 0.6816818
8 0 0 0 5.415911E-08 -4.879357E-08 -0.6944906
9 -3.737144 24.75081 37.464 2.786277E-08 0.6008786 -0.9041769
10 -18.19704 4.702087E-05 0 3.23283E-08 2.332598E-08 -0.9261943
11 -27.2952 0.0001902305 0 1.149337E-07 4.903581E-08 1.484229
12 -11.50685 -3.721107E-05 0 1.700898E-07 1.006912E-07 0.6816818
13 0 0 0 -2.709918E-08 -4.684839E-08 -0.6944906
14 12.88968 -17.59745 0 -3.141593 0 0
15 4.812697 0 0 0 0 -0.2455862
16 9.673795 0 0 0 0 -0.2455862
17 12.01248 0 0 0 0 -0.2455862
18 11.89191 0 0 0 -1.570451 0
19 0.9499357 0 0 0 0 0
20 21.44688 0 0 0 0 -0.1710866
21 27.2552 0 0 0 0 0
22 17.80445 10.85627 0 0 0 -0.06411665
23 -2.51837 -7.530342 0 1.570796 0 1.651491
24 8.256622 0.633341 0 0 0 -0.004951684
25 103.3853 -29.89403 0 0 0 -0.3162964
26 43.83523 -12.40405 0 0 0 -1.387551
27 -16.4158 -41.94849 0 0 0 0.5673603
28 21.30272 0 0 0 0 0.3162598
29 17.62354 -0.02214819 0 0 0 0.05715539
30 14.86595 0.04589471 0 0 0 0.05678806
31 5.81367 -1.631575 -12.01451 -0.3149784 1.064137 -0.2563565
32 5.813787 -1.631573 12.01452 -0.3149785 1.064137 2.885236
33 5.6196 -12.042 -21.408 0 0 -2.114541
34 8.261183 5.11185 -16.13516 0 0 0.5437314
35 21.93254 -15.24135 0 0 0 -0.6778312
36 26.77264 3.805277E-06 0 0 0 0
37 5.319719 6.905714E-06 0 0 0 1.086309
38 5.619708 -12.04187 21.408 0 0 1.027052
39 -8.261324 -5.111802 16.13521 0 0 0.5437315
40 -21.9325 15.24135 0 0 0 -0.8661397
41 -26.77271 -1.505669E-05 0 0 0 0
42 -5.319727 4.362404E-06 0 0 0 1.086309
time 79
0 0 117.3179 -266.2023 1.142043 0 0
1 0 0 -25.42013 -1.570796 -0.05868836 1.570796
2 -0.9664395 0 0 0 0 3.128818
3 13.09551 4.900476 0 0 0 0
4 -3.737144 24.75081 -37.464 0.1131145 0.5399963 2.502349
5 18.19704 -4.701087E-05 0 2.885457E-08 2.081958E-08 -0.9261943
6 27.2952 -0.0001901909 0 1.062861E-07 4.688796E-08 1.484229
7 11.50685 3.721203E-05 0 1.744303E-07 9.767869E-08 0.6816818
8 0 0 0 5.415911E-08 -4.879357E-08 -0.6944906
9 -3.737144 24.75081 37.464 2.786277E-08 0.6008786 -0.9041769
10 -18.19704 4.702087E-05 0 3.23283E-08 2.332598E-08 -0.9261943
11 -27.2952 0.0001902305 0 1.149337E-07 4.903581E-08 1.484229
12 -11.50685 -3.721107E-05 0 1.700898E-07 1.006912E-07 0.6816818
13 0 0 0 -2.709918E-08 -4.684839E-08 -0.6944906
14 12.88968 -17.59745 0 -3.141593 0 0
15 4.812697 0 0 0 0 -0.2089359
16 9.673795 0 0 0 0 -0.2089359
17 12.01248 0 0 0 0 -0.2089359
18 11.89191 0 0 0 -1.570451 0
19 0.9499357 0 0 0 0 0
20 21.44688 0 0 0 0 -0.171686
21 27.2552 0 0 0 0 0
22 17.80445 10.85627 0 0 0 -0.05953533
23 -2.51837 -7.530342 0 1.570796 0 1.651491
24 8.256622 0.633341 0 0 0 -0.1244869
25 103.3853 -29.89403 0 0 0 -0.3162964
26 43.83523 -12.40405 0 0 0 -1.402232
27 -16.4158 -41.94849 0 0 0 0.5673603
28 21.30272 0 0 0 0 0.3261376
29 17.62354 -0.02214819 0 0 0 0.06703323
30 14.86595 0.04589471 0 0 0 0.06666574
31 5.81367 -1.631575 -12.01451 -0.3149784 1.064137 -0.2563565
32 5.813787 -1.631573 12.01452 -0.3149785 1.064137 2.885236
33 5.6196 -12.042 -21.408 0 0 -2.114541
34 8.261183 5.11185 -16.13516 0 0 0.5437314
35 21.93254 -15.24135 0 0 0 -0.6778312
36 26.77264 3.805277E-06 0 0 0 0
37 5.319719 6.905714E-06 0 0 0 1.086309
38 5.619708 -12.04187 21.408 0 0 1.027052
39 -8.261324 -5.111802 16.13521 0 0 0.5437315
40 -21.9325 15.24135 0 0 0 -0.8661397
41 -26.77271 -1.505669E-05 0 0 0 0
42 -5.319727 4.362404E-06 0 0 0 1.086309
time 80
0 0 175.0862 -269.7356 1.353867 0 0
1 0 0 -25.42013 -1.570796 -0.05868836 1.570796
2 -0.9664395 0 0 0 0 3.130972
3 13.09551 4.900476 0 0 0 0
4 -3.737144 24.75081 -37.464 0.1131145 0.5399963 2.502349
5 18.19704 -4.701087E-05 0 2.885457E-08 2.081958E-08 -0.9261943
6 27.2952 -0.0001901909 0 1.062861E-07 4.688796E-08 1.484229
7 11.50685 3.721203E-05 0 1.744303E-07 9.767869E-08 0.6816818
8 0 0 0 5.415911E-08 -4.879357E-08 -0.6944906
9 -3.737144 24.75081 37.464 2.786277E-08 0.6008786 -0.9041769
10 -18.19704 4.702087E-05 0 3.23283E-08 2.332598E-08 -0.9261943
11 -27.2952 0.0001902305 0 1.149337E-07 4.903581E-08 1.484229
12 -11.50685 -3.721107E-05 0 1.700898E-07 1.006912E-07 0.6816818
13 0 0 0 -2.709918E-08 -4.684839E-08 -0.6944906
14 12.88968 -17.59745 0 -3.141593 0 0
15 4.812697 0 0 0 0 -0.1715126
16 9.673795 0 0 0 0 -0.1715126
17 12.01248 0 0 0 0 -0.1715126
18 11.89191 0 0 0 -1.570451 0
19 0.9499357 0 0 0 0 0
20 21.44688 0 0 0 0 -0.1721943
21 27.2552 0 0 0 0 0
22 17.80445 10.85627 0 0 0 -0.05501385
23 -2.51837 -7.530342 0 1.570796 0 1.651491
24 8.256622 0.633341 0 0 0 -0.172301
25 103.3853 -29.89403 0 0 0 -0.3162964
26 43.83523 -12.40405 0 0 0 -1.405162
27 -16.4158 -41.94849 0 0 0 0.5673603
28 21.30272 0 0 0 0 0.3270946
29 17.62354 -0.02214819 0 0 0 0.0679902
30 14.86595 0.04589471 0 0 0 0.06737526
31 5.81367 -1.631575 -12.01451 -0.3149784 1.064137 -0.2563565
32 5.813787 -1.631573 12.01452 -0.3149785 1.064137 2.885236
33 5.6196 -12.042 -21.408 0 0 -2.114541
34 8.261183 5.11185 -16.13516 0 0 0.5437314
35 21.93254 -15.24135 0 0 0 -0.6778312
36 26.77264 3.805277E-06 0 0 0 0
37 5.319719 6.905714E-06 0 0 0 1.086309
38 5.619708 -12.04187 21.408 0 0 1.027052
39 -8.261324 -5.111802 16.13521 0 0 0.5437315
40 -21.9325 15.24135 0 0 0 -0.8661397
41 -26.77271 -1.505669E-05 0 0 0 0
42 -5.319727 4.362404E-06 0 0 0 1.086309
time 81
0 0 231.11 -273.269 1.600166 0 0
1 0 0 -25.42013 -1.570796 -0.05868836 1.570796
2 -0.9664395 0 0 0 0 3.132863
3 13.09551 4.900476 0 0 0 0
4 -3.737144 24.75081 -37.464 0.1131145 0.5399963 2.502349
5 18.19704 -4.701087E-05 0 2.885457E-08 2.081958E-08 -0.9261943
6 27.2952 -0.0001901909 0 1.062861E-07 4.688796E-08 1.484229
7 11.50685 3.721203E-05 0 1.744303E-07 9.767869E-08 0.6816818
8 0 0 0 5.415911E-08 -4.879357E-08 -0.6944906
9 -3.737144 24.75081 37.464 2.786277E-08 0.6008786 -0.9041769
10 -18.19704 4.702087E-05 0 3.23283E-08 2.332598E-08 -0.9261943
11 -27.2952 0.0001902305 0 1.149337E-07 4.903581E-08 1.484229
12 -11.50685 -3.721107E-05 0 1.700898E-07 1.006912E-07 0.6816818
13 0 0 0 -2.709918E-08 -4.684839E-08 -0.6944906
14 12.88968 -17.59745 0 -3.141593 0 0
15 4.812697 0 0 0 0 -0.1337028
16 9.673795 0 0 0 0 -0.1337028
17 12.01248 0 0 0 0 -0.1337028
18 11.89191 0 0 0 -1.570451 0
19 0.9499357 0 0 0 0 0
20 21.44688 0 0 0 0 -0.1726033
21 27.2552 0 0 0 0 0
22 17.80445 10.85627 0 0 0 -0.05056712
23 -2.51837 -7.530342 0 1.570796 0 1.651491
24 8.256622 0.633341 0 0 0 -0.184333
25 103.3853 -29.89403 0 0 0 -0.3162964
26 43.83523 -12.40405 0 0 0 -1.410603
27 -16.4158 -41.94849 0 0 0 0.5673603
28 21.30272 0 0 0 0 0.3288718
29 17.62354 -0.02214819 0 0 0 0.06976745
30 14.86595 0.04589471 0 0 0 0.06869289
31 5.81367 -1.631575 -12.01451 -0.3149784 1.064137 -0.2563565
32 5.813787 -1.631573 12.01452 -0.3149785 1.064137 2.885236
33 5.6196 -12.042 -21.408 0 0 -2.114541
34 8.261183 5.11185 -16.13516 0 0 0.5437314
35 21.93254 -15.24135 0 0 0 -0.6778312
36 26.77264 3.805277E-06 0 0 0 0
37 5.319719 6.905714E-06 0 0 0 1.086309
38 5.619708 -12.04187 21.408 0 0 1.027052
39 -8.261324 -5.111802 16.13521 0 0 0.5437315
40 -21.9325 15.24135 0 0 0 -0.8661397
41 -26.77271 -1.505669E-05 0 0 0 0
42 -5.319727 4.362404E-06 0 0 0 1.086309
time 82
0 0 287.1339 -266.244 1.876342 0 0
1 0 0 -25.42013 -1.570796 -0.05868836 1.570796
2 -0.9664395 0 0 0 0 3.134483
3 13.09551 4.900476 0 0 0 0
4 -3.737144 24.75081 -37.464 0.1131145 0.5399963 2.502349
5 18.19704 -4.701087E-05 0 2.885457E-08 2.081958E-08 -0.9261943
6 27.2952 -0.0001901909 0 1.062861E-07 4.688796E-08 1.484229
7 11.50685 3.721203E-05 0 1.744303E-07 9.767869E-08 0.6816818
8 0 0 0 5.415911E-08 -4.879357E-08 -0.6944906
9 -3.737144 24.75081 37.464 2.786277E-08 0.6008786 -0.9041769
10 -18.19704 4.702087E-05 0 3.23283E-08 2.332598E-08 -0.9261943
11 -27.2952 0.0001902305 0 1.149337E-07 4.903581E-08 1.484229
12 -11.50685 -3.721107E-05 0 1.700898E-07 1.006912E-07 0.6816818
13 0 0 0 -2.709918E-08 -4.684839E-08 -0.6944906
14 12.88968 -17.59745 0 -3.141593 0 0
15 4.812697 0 0 0 0 -0.095893
16 9.673795 0 0 0 0 -0.095893
17 12.01248 0 0 0 0 -0.095893
18 11.89191 0 0 0 -1.570451 0
19 0.9499357 0 0 0 0 0
20 21.44688 0 0 0 0 -0.1729054
21 27.2552 0 0 0 0 0
22 17.80445 10.85627 0 0 0 -0.04621013
23 -2.51837 -7.530342 0 1.570796 0 1.651491
24 8.256622 0.633341 0 0 0 -0.1963649
25 103.3853 -29.89403 0 0 0 -0.3162964
26 43.83523 -12.40405 0 0 0 -1.413533
27 -16.4158 -41.94849 0 0 0 0.5673603
28 21.30272 0 0 0 0 0.3298288
29 17.62354 -0.02214819 0 0 0 0.07072444
30 14.86595 0.04589471 0 0 0 0.06940241
31 5.81367 -1.631575 -12.01451 -0.3149784 1.064137 -0.2563565
32 5.813787 -1.631573 12.01452 -0.3149785 1.064137 2.885236
33 5.6196 -12.042 -21.408 0 0 -2.114541
34 8.261183 5.11185 -16.13516 0 0 0.5437314
35 21.93254 -15.24135 0 0 0 -0.6778312
36 26.77264 3.805277E-06 0 0 0 0
37 5.319719 6.905714E-06 0 0 0 1.086309
38 5.619708 -12.04187 21.408 0 0 1.027052
39 -8.261324 -5.111802 16.13521 0 0 0.5437315
40 -21.9325 15.24135 0 0 0 -0.8661397
41 -26.77271 -1.505669E-05 0 0 0 0
42 -5.319727 4.362404E-06 0 0 0 1.086309
time 83
0 0 332.3412 -259.219 2.177799 0 0
1 0 0 -25.42013 -1.570796 -0.05868836 1.570796
2 -0.9664395 0 0 0 0 3.135824
3 13.09551 4.900476 0 0 0 0
4 -3.737144 24.75081 -37.464 0.1131145 0.5399963 2.502349
5 18.19704 -4.701087E-05 0 2.885457E-08 2.081958E-08 -0.9261943
6 27.2952 -0.0001901909 0 1.062861E-07 4.688796E-08 1.484229
7 11.50685 3.721203E-05 0 1.744303E-07 9.767869E-08 0.6816818
8 0 0 0 5.415911E-08 -4.879357E-08 -0.6944906
9 -3.737144 24.75081 37.464 2.786277E-08 0.6008786 -0.9041769
10 -18.19704 4.702087E-05 0 3.23283E-08 2.332598E-08 -0.9261943
11 -27.2952 0.0001902305 0 1.149337E-07 4.903581E-08 1.484229
12 -11.50685 -3.721107E-05 0 1.700898E-07 1.006912E-07 0.6816818
13 0 0 0 -2.709918E-08 -4.684839E-08 -0.6944906
14 12.88968 -17.59745 0 -3.141593 0 0
15 4.812697 0 0 0 0 -0.05846972
16 9.673795 0 0 0 0 -0.05846972
17 12.01248 0 0 0 0 -0.05846972
18 11.89191 0 0 0 -1.570451 0
19 0.9499357 0 0 0 0 0
20 21.44688 0 0 0 0 -0.1730924
21 27.2552 0 0 0 0 0
22 17.80445 10.85627 0 0 0 -0.04195785
23 -2.51837 -7.530342 0 1.570796 0 1.651491
24 8.256622 0.633341 0 0 0 -0.1885753
25 103.3853 -29.89403 0 0 0 -0.3162964
26 43.83523 -12.40405 0 0 0 -1.413533
27 -16.4158 -41.94849 0 0 0 0.5673603
28 21.30272 0 0 0 0 0.3291474
29 17.62354 -0.02214819 0 0 0 0.07004301
30 14.86595 0.04589471 0 0 0 0.0687279
31 5.81367 -1.631575 -12.01451 -0.3149784 1.064137 -0.2563565
32 5.813787 -1.631573 12.01452 -0.3149785 1.064137 2.885236
33 5.6196 -12.042 -21.408 0 0 -2.114541
34 8.261183 5.11185 -16.13516 0 0 0.5437314
35 21.93254 -15.24135 0 0 0 -0.6778312
36 26.77264 3.805277E-06 0 0 0 0
37 5.319719 6.905714E-06 0 0 0 1.086309
38 5.619708 -12.04187 21.408 0 0 1.027052
39 -8.261324 -5.111802 16.13521 0 0 0.5437315
40 -21.9325 15.24135 0 0 0 -0.8661397
41 -26.77271 -1.505669E-05 0 0 0 0
42 -5.319727 4.362404E-06 0 0 0 1.086309
time 84
0 0 377.5484 -241.1707 2.49994 0 0
1 0 0 -25.42013 -1.570796 -0.05868836 1.570796
2 -0.9664395 0 0 0 0 3.13688
3 13.09551 4.900476 0 0 0 0
4 -3.737144 24.75081 -37.464 0.1131145 0.5399963 2.502349
5 18.19704 -4.701087E-05 0 2.885457E-08 2.081958E-08 -0.9261943
6 27.2952 -0.0001901909 0 1.062861E-07 4.688796E-08 1.484229
7 11.50685 3.721203E-05 0 1.744303E-07 9.767869E-08 0.6816818
8 0 0 0 5.415911E-08 -4.879357E-08 -0.6944906
9 -3.737144 24.75081 37.464 2.786277E-08 0.6008786 -0.9041769
10 -18.19704 4.702087E-05 0 3.23283E-08 2.332598E-08 -0.9261943
11 -27.2952 0.0001902305 0 1.149337E-07 4.903581E-08 1.484229
12 -11.50685 -3.721107E-05 0 1.700898E-07 1.006912E-07 0.6816818
13 0 0 0 -2.709918E-08 -4.684839E-08 -0.6944906
14 12.88968 -17.59745 0 -3.141593 0 0
15 4.812697 0 0 0 0 -0.02181938
16 9.673795 0 0 0 0 -0.02181938
17 12.01248 0 0 0 0 -0.02181938
18 11.89191 0 0 0 -1.570451 0
19 0.9499357 0 0 0 0 0
20 21.44688 0 0 0 0 -0.1731565
21 27.2552 0 0 0 0 0
22 17.80445 10.85627 0 0 0 -0.03782518
23 -2.51837 -7.530342 0 1.570796 0 1.651491
24 8.256622 0.633341 0 0 0 -0.166561
25 103.3853 -29.89403 0 0 0 -0.3162964
26 43.83523 -12.40405 0 0 0 -1.413533
27 -16.4158 -41.94849 0 0 0 0.5673603
28 21.30272 0 0 0 0 0.3271749
29 17.62354 -0.02214819 0 0 0 0.06807048
30 14.86595 0.04589471 0 0 0 0.06677535
31 5.81367 -1.631575 -12.01451 -0.3149784 1.064137 -0.2563565
32 5.813787 -1.631573 12.01452 -0.3149785 1.064137 2.885236
33 5.6196 -12.042 -21.408 0 0 -2.114541
34 8.261183 5.11185 -16.13516 0 0 0.5437314
35 21.93254 -15.24135 0 0 0 -0.6778312
36 26.77264 3.805277E-06 0 0 0 0
37 5.319719 6.905714E-06 0 0 0 1.086309
38 5.619708 -12.04187 21.408 0 0 1.027052
39 -8.261324 -5.111802 16.13521 0 0 0.5437315
40 -21.9325 15.24135 0 0 0 -0.8661397
41 -26.77271 -1.505669E-05 0 0 0 0
42 -5.319727 4.362404E-06 0 0 0 1.086309
time 85
0 0 401.6266 -223.1225 2.83817 0 0
1 0 0 -25.42013 -1.570796 -0.05868836 1.570796
2 -0.9664395 0 0 0 0 3.137643
3 13.09551 4.900476 0 0 0 0
4 -3.737144 24.75081 -37.464 0.1131145 0.5399963 2.502349
5 18.19704 -4.701087E-05 0 2.885457E-08 2.081958E-08 -0.9261943
6 27.2952 -0.0001901909 0 1.062861E-07 4.688796E-08 1.484229
7 11.50685 3.721203E-05 0 1.744303E-07 9.767869E-08 0.6816818
8 0 0 0 5.415911E-08 -4.879357E-08 -0.6944906
9 -3.737144 24.75081 37.464 2.786277E-08 0.6008786 -0.9041769
10 -18.19704 4.702087E-05 0 3.23283E-08 2.332598E-08 -0.9261943
11 -27.2952 0.0001902305 0 1.149337E-07 4.903581E-08 1.484229
12 -11.50685 -3.721107E-05 0 1.700898E-07 1.006912E-07 0.6816818
13 0 0 0 -2.709918E-08 -4.684839E-08 -0.6944906
14 12.88968 -17.59745 0 -3.141593 0 0
15 4.812697 0 0 0 0 0.01367161
16 9.673795 0 0 0 0 0.01367161
17 12.01248 0 0 0 0 0.01367161
18 11.89191 0 0 0 -1.570451 0
19 0.9499357 0 0 0 0 0
20 21.44688 0 0 0 0 -0.1731565
21 27.2552 0 0 0 0 0
22 17.80445 10.85627 0 0 0 -0.03382713
23 -2.51837 -7.530342 0 1.570796 0 1.651491
24 8.256622 0.633341 0 0 0 -0.1323543
25 103.3853 -29.89403 0 0 0 -0.3162964
26 43.83523 -12.40405 0 0 0 -1.413533
27 -16.4158 -41.94849 0 0 0 0.5673603
28 21.30272 0 0 0 0 0.3240188
29 17.62354 -0.02214819 0 0 0 0.06491443
30 14.86595 0.04589471 0 0 0 0.06365129
31 5.81367 -1.631575 -12.01451 -0.3149784 1.064137 -0.2563565
32 5.813787 -1.631573 12.01452 -0.3149785 1.064137 2.885236
33 5.6196 -12.042 -21.408 0 0 -2.114541
34 8.261183 5.11185 -16.13516 0 0 0.5437314
35 21.93254 -15.24135 0 0 0 -0.6778312
36 26.77264 3.805277E-06 0 0 0 0
37 5.319719 6.905714E-06 0 0 0 1.086309
38 5.619708 -12.04187 21.408 0 0 1.027052
39 -8.261324 -5.111802 16.13521 0 0 0.5437315
40 -21.9325 15.24135 0 0 0 -0.8661397
41 -26.77271 -1.505669E-05 0 0 0 0
42 -5.319727 4.362404E-06 0 0 0 1.086309
time 86
0 0 425.705 -198.5975 -3.095294 0 0
1 0 0 -25.42013 -1.570796 -0.05868836 1.570796
2 -0.9664395 0 0 0 0 3.138107
3 13.09551 4.900476 0 0 0 0
4 -3.737144 24.75081 -37.464 0.1131145 0.5399963 2.502349
5 18.19704 -4.701087E-05 0 2.885457E-08 2.081958E-08 -0.9261943
6 27.2952 -0.0001901909 0 1.062861E-07 4.688796E-08 1.484229
7 11.50685 3.721203E-05 0 1.744303E-07 9.767869E-08 0.6816818
8 0 0 0 5.415911E-08 -4.879357E-08 -0.6944906
9 -3.737144 24.75081 37.464 2.786277E-08 0.6008786 -0.9041769
10 -18.19704 4.702087E-05 0 3.23283E-08 2.332598E-08 -0.9261943
11 -27.2952 0.0001902305 0 1.149337E-07 4.903581E-08 1.484229
12 -11.50685 -3.721107E-05 0 1.700898E-07 1.006912E-07 0.6816818
13 0 0 0 -2.709918E-08 -4.684839E-08 -0.6944906
14 12.88968 -17.59745 0 -3.141593 0 0
15 4.812697 0 0 0 0 0.04761665
16 9.673795 0 0 0 0 0.04761665
17 12.01248 0 0 0 0 0.04761665
18 11.89191 0 0 0 -1.570451 0
19 0.9499357 0 0 0 0 0
20 21.44688 0 0 0 0 -0.1731565
21 27.2552 0 0 0 0 0
22 17.80445 10.85627 0 0 0 -0.02997863
23 -2.51837 -7.530342 0 1.570796 0 1.651491
24 8.256622 0.633341 0 0 0 -0.08798709
25 103.3853 -29.89403 0 0 0 -0.3162964
26 43.83523 -12.40405 0 0 0 -1.413533
27 -16.4158 -41.94849 0 0 0 0.5673603
28 21.30272 0 0 0 0 0.3197868
29 17.62354 -0.02214819 0 0 0 0.06068246
30 14.86595 0.04589471 0 0 0 0.0594622
31 5.81367 -1.631575 -12.01451 -0.3149784 1.064137 -0.2563565
32 5.813787 -1.631573 12.01452 -0.3149785 1.064137 2.885236
33 5.6196 -12.042 -21.408 0 0 -2.114541
34 8.261183 5.11185 -16.13516 0 0 0.5437314
35 21.93254 -15.24135 0 0 0 -0.6778312
36 26.77264 3.805277E-06 0 0 0 0
37 5.319719 6.905714E-06 0 0 0 1.086309
38 5.619708 -12.04187 21.408 0 0 1.027052
39 -8.261324 -5.111802 16.13521 0 0 0.5437315
40 -21.9325 15.24135 0 0 0 -0.8661397
41 -26.77271 -1.505669E-05 0 0 0 0
42 -5.319727 4.362404E-06 0 0 0 1.086309
time 87
0 0 428.1569 -174.0726 -2.738678 0 0
1 0 0 -25.42013 -1.570796 -0.05868836 1.570796
2 -0.9664395 0 0 0 0 3.138263
3 13.09551 4.900476 0 0 0 0
4 -3.737144 24.75081 -37.464 0.1131145 0.5399963 2.502349
5 18.19704 -4.701087E-05 0 2.885457E-08 2.081958E-08 -0.9261943
6 27.2952 -0.0001901909 0 1.062861E-07 4.688796E-08 1.484229
7 11.50685 3.721203E-05 0 1.744303E-07 9.767869E-08 0.6816818
8 0 0 0 5.415911E-08 -4.879357E-08 -0.6944906
9 -3.737144 24.75081 37.464 2.786277E-08 0.6008786 -0.9041769
10 -18.19704 4.702087E-05 0 3.23283E-08 2.332598E-08 -0.9261943
11 -27.2952 0.0001902305 0 1.149337E-07 4.903581E-08 1.484229
12 -11.50685 -3.721107E-05 0 1.700898E-07 1.006912E-07 0.6816818
13 0 0 0 -2.709918E-08 -4.684839E-08 -0.6944906
14 12.88968 -17.59745 0 -3.141593 0 0
15 4.812697 0 0 0 0 0.07962934
16 9.673795 0 0 0 0 0.07962934
17 12.01248 0 0 0 0 0.07962934
18 11.89191 0 0 0 -1.570451 0
19 0.9499357 0 0 0 0 0
20 21.44688 0 0 0 0 -0.1731565
21 27.2552 0 0 0 0 0
22 17.80445 10.85627 0 0 0 -0.02629463
23 -2.51837 -7.530342 0 1.570796 0 1.651491
24 8.256622 0.633341 0 0 0 -0.03549158
25 103.3853 -29.89403 0 0 0 -0.3162964
26 43.83523 -12.40405 0 0 0 -1.413533
27 -16.4158 -41.94849 0 0 0 0.5673603
28 21.30272 0 0 0 0 0.3145865
29 17.62354 -0.02214819 0 0 0 0.05548216
30 14.86595 0.04589471 0 0 0 0.05431459
31 5.81367 -1.631575 -12.01451 -0.3149784 1.064137 -0.2563565
32 5.813787 -1.631573 12.01452 -0.3149785 1.064137 2.885236
33 5.6196 -12.042 -21.408 0 0 -2.114541
34 8.261183 5.11185 -16.13516 0 0 0.5437314
35 21.93254 -15.24135 0 0 0 -0.6778312
36 26.77264 3.805277E-06 0 0 0 0
37 5.319719 6.905714E-06 0 0 0 1.086309
38 5.619708 -12.04187 21.408 0 0 1.027052
39 -8.261324 -5.111802 16.13521 0 0 0.5437315
40 -21.9325 15.24135 0 0 0 -0.8661397
41 -26.77271 -1.505669E-05 0 0 0 0
42 -5.319727 4.362404E-06 0 0 0 1.086309
time 88
0 0 418.321 -152.3805 -2.379765 0 0
1 0 0 -25.42013 -1.570796 -0.05868836 1.570796
2 -0.9664395 0 0 0 0 3.138287
3 13.09551 4.900476 0 0 0 0
4 -3.737144 24.75081 -37.464 0.1131145 0.5399963 2.502349
5 18.19704 -4.701087E-05 0 2.885457E-08 2.081958E-08 -0.9261943
6 27.2952 -0.0001901909 0 1.062861E-07 4.688796E-08 1.484229
7 11.50685 3.721203E-05 0 1.744303E-07 9.767869E-08 0.6816818
8 0 0 0 5.415911E-08 -4.879357E-08 -0.6944906
9 -3.737144 24.75081 37.464 2.786277E-08 0.6008786 -0.9041769
10 -18.19704 4.702087E-05 0 3.23283E-08 2.332598E-08 -0.9261943
11 -27.2952 0.0001902305 0 1.149337E-07 4.903581E-08 1.484229
12 -11.50685 -3.721107E-05 0 1.700898E-07 1.006912E-07 0.6816818
13 0 0 0 -2.709918E-08 -4.684839E-08 -0.6944906
14 12.88968 -17.59745 0 -3.141593 0 0
15 4.812697 0 0 0 0 0.1093233
16 9.673795 0 0 0 0 0.1093233
17 12.01248 0 0 0 0 0.1093233
18 11.89191 0 0 0 -1.570451 0
19 0.9499357 0 0 0 0 0
20 21.44688 0 0 0 0 -0.1731565
21 27.2552 0 0 0 0 0
22 17.80445 10.85627 0 0 0 -0.0227901
23 -2.51837 -7.530342 0 1.570796 0 1.651491
24 8.256622 0.633341 0 0 0 0.0231002
25 103.3853 -29.89403 0 0 0 -0.3162964
26 43.83523 -12.40405 0 0 0 -1.413533
27 -16.4158 -41.94849 0 0 0 0.5673603
28 21.30272 0 0 0 0 0.3085255
29 17.62354 -0.02214819 0 0 0 0.0494211
30 14.86595 0.04589471 0 0 0 0.04831496
31 5.81367 -1.631575 -12.01451 -0.3149784 1.064137 -0.2563565
32 5.813787 -1.631573 12.01452 -0.3149785 1.064137 2.885236
33 5.6196 -12.042 -21.408 0 0 -2.114541
34 8.261183 5.11185 -16.13516 0 0 0.5437314
35 21.93254 -15.24135 0 0 0 -0.6778312
36 26.77264 3.805277E-06 0 0 0 0
37 5.319719 6.905714E-06 0 0 0 1.086309
38 5.619708 -12.04187 21.408 0 0 1.027052
39 -8.261324 -5.111802 16.13521 0 0 0.5437315
40 -21.9325 15.24135 0 0 0 -0.8661397
41 -26.77271 -1.505669E-05 0 0 0 0
42 -5.319727 4.362404E-06 0 0 0 1.086309
time 89
0 0 397.2832 -130.6884 -2.023149 0 0
1 0 0 -25.42013 -1.570796 -0.05868836 1.570796
2 -0.9664395 0 0 0 0 3.138356
3 13.09551 4.900476 0 0 0 0
4 -3.737144 24.75081 -37.464 0.1131145 0.5399963 2.502349
5 18.19704 -4.701087E-05 0 2.885457E-08 2.081958E-08 -0.9261943
6 27.2952 -0.0001901909 0 1.062861E-07 4.688796E-08 1.484229
7 11.50685 3.721203E-05 0 1.744303E-07 9.767869E-08 0.6816818
8 0 0 0 5.415911E-08 -4.879357E-08 -0.6944906
9 -3.737144 24.75081 37.464 2.786277E-08 0.6008786 -0.9041769
10 -18.19704 4.702087E-05 0 3.23283E-08 2.332598E-08 -0.9261943
11 -27.2952 0.0001902305 0 1.149337E-07 4.903581E-08 1.484229
12 -11.50685 -3.721107E-05 0 1.700898E-07 1.006912E-07 0.6816818
13 0 0 0 -2.709918E-08 -4.684839E-08 -0.6944906
14 12.88968 -17.59745 0 -3.141593 0 0
15 4.812697 0 0 0 0 0.1363118
16 9.673795 0 0 0 0 0.1363118
17 12.01248 0 0 0 0 0.1363118
18 11.89191 0 0 0 -1.570451 0
19 0.9499357 0 0 0 0 0
20 21.44688 0 0 0 0 -0.1731565
21 27.2552 0 0 0 0 0
22 17.80445 10.85627 0 0 0 -0.01947999
23 -2.51837 -7.530342 0 1.570796 0 1.651491
24 8.256622 0.633341 0 0 0 0.08575613
25 103.3853 -29.89403 0 0 0 -0.3162964
26 43.83523 -12.40405 0 0 0 -1.413533
27 -16.4158 -41.94849 0 0 0 0.5673603
28 21.30272 0 0 0 0 0.3017113
29 17.62354 -0.02214819 0 0 0 0.04260691
30 14.86595 0.04589471 0 0 0 0.04156981
31 5.81367 -1.631575 -12.01451 -0.3149784 1.064137 -0.2563565
32 5.813787 -1.631573 12.01452 -0.3149785 1.064137 2.885236
33 5.6196 -12.042 -21.408 0 0 -2.114541
34 8.261183 5.11185 -16.13516 0 0 0.5437314
35 21.93254 -15.24135 0 0 0 -0.6778312
36 26.77264 3.805277E-06 0 0 0 0
37 5.319719 6.905714E-06 0 0 0 1.086309
38 5.619708 -12.04187 21.408 0 0 1.027052
39 -8.261324 -5.111802 16.13521 0 0 0.5437315
40 -21.9325 15.24135 0 0 0 -0.8661397
41 -26.77271 -1.505669E-05 0 0 0 0
42 -5.319727 4.362404E-06 0 0 0 1.086309
time 90
0 0 376.2453 -117.3597 -1.673428 0 0
1 0 0 -25.42013 -1.570796 -0.05868836 1.570796
2 -0.9664395 0 0 0 0 3.138465
3 13.09551 4.900476 0 0 0 0
4 -3.737144 24.75081 -37.464 0.1131145 0.5399963 2.502349
5 18.19704 -4.701087E-05 0 2.885457E-08 2.081958E-08 -0.9261943
6 27.2952 -0.0001901909 0 1.062861E-07 4.688796E-08 1.484229
7 11.50685 3.721203E-05 0 1.744303E-07 9.767869E-08 0.6816818
8 0 0 0 5.415911E-08 -4.879357E-08 -0.6944906
9 -3.737144 24.75081 37.464 2.786277E-08 0.6008786 -0.9041769
10 -18.19704 4.702087E-05 0 3.23283E-08 2.332598E-08 -0.9261943
11 -27.2952 0.0001902305 0 1.149337E-07 4.903581E-08 1.484229
12 -11.50685 -3.721107E-05 0 1.700898E-07 1.006912E-07 0.6816818
13 0 0 0 -2.709918E-08 -4.684839E-08 -0.6944906
14 12.88968 -17.59745 0 -3.141593 0 0
15 4.812697 0 0 0 0 0.1602086
16 9.673795 0 0 0 0 0.1602086
17 12.01248 0 0 0 0 0.1602086
18 11.89191 0 0 0 -1.570451 0
19 0.9499357 0 0 0 0 0
20 21.44688 0 0 0 0 -0.1731565
21 27.2552 0 0 0 0 0
22 17.80445 10.85627 0 0 0 -0.01637926
23 -2.51837 -7.530342 0 1.570796 0 1.651491
24 8.256622 0.633341 0 0 0 0.1504442
25 103.3853 -29.89403 0 0 0 -0.3162964
26 43.83523 -12.40405 0 0 0 -1.413533
27 -16.4158 -41.94849 0 0 0 0.5673603
28 21.30272 0 0 0 0 0.2942515
29 17.62354 -0.02214819 0 0 0 0.03514716
30 14.86595 0.04589471 0 0 0 0.03418565
31 5.81367 -1.631575 -12.01451 -0.3149784 1.064137 -0.2563565
32 5.813787 -1.631573 12.01452 -0.3149785 1.064137 2.885236
33 5.6196 -12.042 -21.408 0 0 -2.114541
34 8.261183 5.11185 -16.13516 0 0 0.5437314
35 21.93254 -15.24135 0 0 0 -0.6778312
36 26.77264 3.805277E-06 0 0 0 0
37 5.319719 6.905714E-06 0 0 0 1.086309
38 5.619708 -12.04187 21.408 0 0 1.027052
39 -8.261324 -5.111802 16.13521 0 0 0.5437315
40 -21.9325 15.24135 0 0 0 -0.8661397
41 -26.77271 -1.505669E-05 0 0 0 0
42 -5.319727 4.362404E-06 0 0 0 1.086309
time 91
0 0 347.2281 -111.5688 -1.335198 0 0
1 0 0 -25.42013 -1.570796 -0.05868836 1.570796
2 -0.9664395 0 0 0 0 3.13861
3 13.09551 4.900476 0 0 0 0
4 -3.737144 24.75081 -37.464 0.1131145 0.5399963 2.502349
5 18.19704 -4.701087E-05 0 2.885457E-08 2.081958E-08 -0.9261943
6 27.2952 -0.0001901909 0 1.062861E-07 4.688796E-08 1.484229
7 11.50685 3.721203E-05 0 1.744303E-07 9.767869E-08 0.6816818
8 0 0 0 5.415911E-08 -4.879357E-08 -0.6944906
9 -3.737144 24.75081 37.464 2.786277E-08 0.6008786 -0.9041769
10 -18.19704 4.702087E-05 0 3.23283E-08 2.332598E-08 -0.9261943
11 -27.2952 0.0001902305 0 1.149337E-07 4.903581E-08 1.484229
12 -11.50685 -3.721107E-05 0 1.700898E-07 1.006912E-07 0.6816818
13 0 0 0 -2.709918E-08 -4.684839E-08 -0.6944906
14 12.88968 -17.59745 0 -3.141593 0 0
15 4.812697 0 0 0 0 0.1806272
16 9.673795 0 0 0 0 0.1806272
17 12.01248 0 0 0 0 0.1806272
18 11.89191 0 0 0 -1.570451 0
19 0.9499357 0 0 0 0 0
20 21.44688 0 0 0 0 -0.1731565
21 27.2552 0 0 0 0 0
22 17.80445 10.85627 0 0 0 -0.01350285
23 -2.51837 -7.530342 0 1.570796 0 1.651491
24 8.256622 0.633341 0 0 0 0.2151322
25 103.3853 -29.89403 0 0 0 -0.3162964
26 43.83523 -12.40405 0 0 0 -1.413533
27 -16.4158 -41.94849 0 0 0 0.5673603
28 21.30272 0 0 0 0 0.2862538
29 17.62354 -0.02214819 0 0 0 0.02714944
30 14.86595 0.04589471 0 0 0 0.02626898
31 5.81367 -1.631575 -12.01451 -0.3149784 1.064137 -0.2563565
32 5.813787 -1.631573 12.01452 -0.3149785 1.064137 2.885236
33 5.6196 -12.042 -21.408 0 0 -2.114541
34 8.261183 5.11185 -16.13516 0 0 0.5437314
35 21.93254 -15.24135 0 0 0 -0.6778312
36 26.77264 3.805277E-06 0 0 0 0
37 5.319719 6.905714E-06 0 0 0 1.086309
38 5.619708 -12.04187 21.408 0 0 1.027052
39 -8.261324 -5.111802 16.13521 0 0 0.5437315
40 -21.9325 15.24135 0 0 0 -0.8661397
41 -26.77271 -1.505669E-05 0 0 0 0
42 -5.319727 4.362404E-06 0 0 0 1.086309
time 92
0 0 318.2108 -116.8469 -1.013057 0 0
1 0 0 -25.42013 -1.570796 -0.05868836 1.570796
2 -0.9664395 0 0 0 0 3.138785
3 13.09551 4.900476 0 0 0 0
4 -3.737144 24.75081 -37.464 0.1131145 0.5399963 2.502349
5 18.19704 -4.701087E-05 0 2.885457E-08 2.081958E-08 -0.9261943
6 27.2952 -0.0001901909 0 1.062861E-07 4.688796E-08 1.484229
7 11.50685 3.721203E-05 0 1.744303E-07 9.767869E-08 0.6816818
8 0 0 0 5.415911E-08 -4.879357E-08 -0.6944906
9 -3.737144 24.75081 37.464 2.786277E-08 0.6008786 -0.9041769
10 -18.19704 4.702087E-05 0 3.23283E-08 2.332598E-08 -0.9261943
11 -27.2952 0.0001902305 0 1.149337E-07 4.903581E-08 1.484229
12 -11.50685 -3.721107E-05 0 1.700898E-07 1.006912E-07 0.6816818
13 0 0 0 -2.709918E-08 -4.684839E-08 -0.6944906
14 12.88968 -17.59745 0 -3.141593 0 0
15 4.812697 0 0 0 0 0.197181
16 9.673795 0 0 0 0 0.197181
17 12.01248 0 0 0 0 0.197181
18 11.89191 0 0 0 -1.570451 0
19 0.9499357 0 0 0 0 0
20 21.44688 0 0 0 0 -0.1731565
21 27.2552 0 0 0 0 0
22 17.80445 10.85627 0 0 0 -0.01086573
23 -2.51837 -7.530342 0 1.570796 0 1.651491
24 8.256622 0.633341 0 0 0 0.2777881
25 103.3853 -29.89403 0 0 0 -0.3162964
26 43.83523 -12.40405 0 0 0 -1.413533
27 -16.4158 -41.94849 0 0 0 0.5673603
28 21.30272 0 0 0 0 0.2778257
29 17.62354 -0.02214819 0 0 0 0.01872136
30 14.86595 0.04589471 0 0 0 0.0179263
31 5.81367 -1.631575 -12.01451 -0.3149784 1.064137 -0.2563565
32 5.813787 -1.631573 12.01452 -0.3149785 1.064137 2.885236
33 5.6196 -12.042 -21.408 0 0 -2.114541
34 8.261183 5.11185 -16.13516 0 0 0.5437314
35 21.93254 -15.24135 0 0 0 -0.6778312
36 26.77264 3.805277E-06 0 0 0 0
37 5.319719 6.905714E-06 0 0 0 1.086309
38 5.619708 -12.04187 21.408 0 0 1.027052
39 -8.261324 -5.111802 16.13521 0 0 0.5437315
40 -21.9325 15.24135 0 0 0 -0.8661397
41 -26.77271 -1.505669E-05 0 0 0 0
42 -5.319727 4.362404E-06 0 0 0 1.086309
time 93
0 0 289.1375 -122.125 -0.7115997 0 0
1 0 0 -25.42013 -1.570796 -0.05868836 1.570796
2 -0.9664395 0 0 0 0 3.138984
3 13.09551 4.900476 0 0 0 0
4 -3.737144 24.75081 -37.464 0.1131145 0.5399963 2.502349
5 18.19704 -4.701087E-05 0 2.885457E-08 2.081958E-08 -0.9261943
6 27.2952 -0.0001901909 0 1.062861E-07 4.688796E-08 1.484229
7 11.50685 3.721203E-05 0 1.744303E-07 9.767869E-08 0.6816818
8 0 0 0 5.415911E-08 -4.879357E-08 -0.6944906
9 -3.737144 24.75081 37.464 2.786277E-08 0.6008786 -0.9041769
10 -18.19704 4.702087E-05 0 3.23283E-08 2.332598E-08 -0.9261943
11 -27.2952 0.0001902305 0 1.149337E-07 4.903581E-08 1.484229
12 -11.50685 -3.721107E-05 0 1.700898E-07 1.006912E-07 0.6816818
13 0 0 0 -2.709918E-08 -4.684839E-08 -0.6944906
14 12.88968 -17.59745 0 -3.141593 0 0
15 4.812697 0 0 0 0 0.2094837
16 9.673795 0 0 0 0 0.2094837
17 12.01248 0 0 0 0 0.2094837
18 11.89191 0 0 0 -1.570451 0
19 0.9499357 0 0 0 0 0
20 21.44688 0 0 0 0 -0.1731565
21 27.2552 0 0 0 0 0
22 17.80445 10.85627 0 0 0 -0.008482846
23 -2.51837 -7.530342 0 1.570796 0 1.651491
24 8.256622 0.633341 0 0 0 0.3363799
25 103.3853 -29.89403 0 0 0 -0.3162964
26 43.83523 -12.40405 0 0 0 -1.413533
27 -16.4158 -41.94849 0 0 0 0.5673603
28 21.30272 0 0 0 0 0.2690749
29 17.62354 -0.02214819 0 0 0 0.009970498
30 14.86595 0.04589471 0 0 0 0.009264116
31 5.81367 -1.631575 -12.01451 -0.3149784 1.064137 -0.2563565
32 5.813787 -1.631573 12.01452 -0.3149785 1.064137 2.885236
33 5.6196 -12.042 -21.408 0 0 -2.114541
34 8.261183 5.11185 -16.13516 0 0 0.5437314
35 21.93254 -15.24135 0 0 0 -0.6778312
36 26.77264 3.805277E-06 0 0 0 0
37 5.319719 6.905714E-06 0 0 0 1.086309
38 5.619708 -12.04187 21.408 0 0 1.027052
39 -8.261324 -5.111802 16.13521 0 0 0.5437315
40 -21.9325 15.24135 0 0 0 -0.8661397
41 -26.77271 -1.505669E-05 0 0 0 0
42 -5.319727 4.362404E-06 0 0 0 1.086309
time 94
0 0 262.3201 -137.4571 -0.4354232 0 0
1 0 0 -25.42013 -1.570796 -0.05868836 1.570796
2 -0.9664395 0 0 0 0 3.139204
3 13.09551 4.900476 0 0 0 0
4 -3.737144 24.75081 -37.464 0.1131145 0.5399963 2.502349
5 18.19704 -4.701087E-05 0 2.885457E-08 2.081958E-08 -0.9261943
6 27.2952 -0.0001901909 0 1.062861E-07 4.688796E-08 1.484229
7 11.50685 3.721203E-05 0 1.744303E-07 9.767869E-08 0.6816818
8 0 0 0 5.415911E-08 -4.879357E-08 -0.6944906
9 -3.737144 24.75081 37.464 2.786277E-08 0.6008786 -0.9041769
10 -18.19704 4.702087E-05 0 3.23283E-08 2.332598E-08 -0.9261943
11 -27.2952 0.0001902305 0 1.149337E-07 4.903581E-08 1.484229
12 -11.50685 -3.721107E-05 0 1.700898E-07 1.006912E-07 0.6816818
13 0 0 0 -2.709918E-08 -4.684839E-08 -0.6944906
14 12.88968 -17.59745 0 -3.141593 0 0
15 4.812697 0 0 0 0 0.2171487
16 9.673795 0 0 0 0 0.2171487
17 12.01248 0 0 0 0 0.2171487
18 11.89191 0 0 0 -1.570451 0
19 0.9499357 0 0 0 0 0
20 21.44688 0 0 0 0 -0.1731565
21 27.2552 0 0 0 0 0
22 17.80445 10.85627 0 0 0 -0.006369156
23 -2.51837 -7.530342 0 1.570796 0 1.651491
24 8.256622 0.633341 0 0 0 0.3888755
25 103.3853 -29.89403 0 0 0 -0.3162964
26 43.83523 -12.40405 0 0 0 -1.413533
27 -16.4158 -41.94849 0 0 0 0.5673603
28 21.30272 0 0 0 0 0.2601088
29 17.62354 -0.02214819 0 0 0 0.001004445
30 14.86595 0.04589471 0 0 0 0.0003889199
31 5.81367 -1.631575 -12.01451 -0.3149784 1.064137 -0.2563565
32 5.813787 -1.631573 12.01452 -0.3149785 1.064137 2.885236
33 5.6196 -12.042 -21.408 0 0 -2.114541
34 8.261183 5.11185 -16.13516 0 0 0.5437314
35 21.93254 -15.24135 0 0 0 -0.6778312
36 26.77264 3.805277E-06 0 0 0 0
37 5.319719 6.905714E-06 0 0 0 1.086309
38 5.619708 -12.04187 21.408 0 0 1.027052
39 -8.261324 -5.111802 16.13521 0 0 0.5437315
40 -21.9325 15.24135 0 0 0 -0.8661397
41 -26.77271 -1.505669E-05 0 0 0 0
42 -5.319727 4.362404E-06 0 0 0 1.086309
time 95
0 0 239.8671 -152.7891 -0.1891249 0 0
1 0 0 -25.42013 -1.570796 -0.05868836 1.570796
2 -0.9664395 0 0 0 0 3.139439
3 13.09551 4.900476 0 0 0 0
4 -3.737144 24.75081 -37.464 0.1131145 0.5399963 2.502349
5 18.19704 -4.701087E-05 0 2.885457E-08 2.081958E-08 -0.9261943
6 27.2952 -0.0001901909 0 1.062861E-07 4.688796E-08 1.484229
7 11.50685 3.721203E-05 0 1.744303E-07 9.767869E-08 0.6816818
8 0 0 0 5.415911E-08 -4.879357E-08 -0.6944906
9 -3.737144 24.75081 37.464 2.786277E-08 0.6008786 -0.9041769
10 -18.19704 4.702087E-05 0 3.23283E-08 2.332598E-08 -0.9261943
11 -27.2952 0.0001902305 0 1.149337E-07 4.903581E-08 1.484229
12 -11.50685 -3.721107E-05 0 1.700898E-07 1.006912E-07 0.6816818
13 0 0 0 -2.709918E-08 -4.684839E-08 -0.6944906
14 12.88968 -17.59745 0 -3.141593 0 0
15 4.812697 0 0 0 0 0.2197896
16 9.673795 0 0 0 0 0.2197896
17 12.01248 0 0 0 0 0.2197896
18 11.89191 0 0 0 -1.570451 0
19 0.9499357 0 0 0 0 0
20 21.44688 0 0 0 0 -0.1731565
21 27.2552 0 0 0 0 0
22 17.80445 10.85627 0 0 0 -0.004539623
23 -2.51837 -7.530342 0 1.570796 0 1.651491
24 8.256622 0.633341 0 0 0 0.4332426
25 103.3853 -29.89403 0 0 0 -0.3162964
26 43.83523 -12.40405 0 0 0 -1.413533
27 -16.4158 -41.94849 0 0 0 0.5673603
28 21.30272 0 0 0 0 0.2510352
29 17.62354 -0.02214819 0 0 0 -0.008069186
30 14.86595 0.04589471 0 0 0 -0.008592767
31 5.81367 -1.631575 -12.01451 -0.3149784 1.064137 -0.2563565
32 5.813787 -1.631573 12.01452 -0.3149785 1.064137 2.885236
33 5.6196 -12.042 -21.408 0 0 -2.114541
34 8.261183 5.11185 -16.13516 0 0 0.5437314
35 21.93254 -15.24135 0 0 0 -0.6778312
36 26.77264 3.805277E-06 0 0 0 0
37 5.319719 6.905714E-06 0 0 0 1.086309
38 5.619708 -12.04187 21.408 0 0 1.027052
39 -8.261324 -5.111802 16.13521 0 0 0.5437315
40 -21.9325 15.24135 0 0 0 -0.8661397
41 -26.77271 -1.505669E-05 0 0 0 0
42 -5.319727 4.362404E-06 0 0 0 1.086309
time 96
0 0 217.4141 -170.3162 0.02269953 0 0
1 0 0 -25.42013 -1.570796 -0.05868836 1.570796
2 -0.9664395 0 0 0 0 3.139683
3 13.09551 4.900476 0 0 0 0
4 -3.737144 24.75081 -37.464 0.1131145 0.5399963 2.502349
5 18.19704 -4.701087E-05 0 2.885457E-08 2.081958E-08 -0.9261943
6 27.2952 -0.0001901909 0 1.062861E-07 4.688796E-08 1.484229
7 11.50685 3.721203E-05 0 1.744303E-07 9.767869E-08 0.6816818
8 0 0 0 5.415911E-08 -4.879357E-08 -0.6944906
9 -3.737144 24.75081 37.464 2.786277E-08 0.6008786 -0.9041769
10 -18.19704 4.702087E-05 0 3.23283E-08 2.332598E-08 -0.9261943
11 -27.2952 0.0001902305 0 1.149337E-07 4.903581E-08 1.484229
12 -11.50685 -3.721107E-05 0 1.700898E-07 1.006912E-07 0.6816818
13 0 0 0 -2.709918E-08 -4.684839E-08 -0.6944906
14 12.88968 -17.59745 0 -3.141593 0 0
15 4.812697 0 0 0 0 0.2155783
16 9.673795 0 0 0 0 0.2155783
17 12.01248 0 0 0 0 0.2155783
18 11.89191 0 0 0 -1.570451 0
19 0.9499357 0 0 0 0 0
20 21.44688 0 0 0 0 -0.1731565
21 27.2552 0 0 0 0 0
22 17.80445 10.85627 0 0 0 -0.003009196
23 -2.51837 -7.530342 0 1.570796 0 1.651491
24 8.256622 0.633341 0 0 0 0.4674493
25 103.3853 -29.89403 0 0 0 -0.3162964
26 43.83523 -12.40405 0 0 0 -1.413533
27 -16.4158 -41.94849 0 0 0 0.5673603
28 21.30272 0 0 0 0 0.2419615
29 17.62354 -0.02214819 0 0 0 -0.01714283
30 14.86595 0.04589471 0 0 0 -0.01757447
31 5.81367 -1.631575 -12.01451 -0.3149784 1.064137 -0.2563565
32 5.813787 -1.631573 12.01452 -0.3149785 1.064137 2.885236
33 5.6196 -12.042 -21.408 0 0 -2.114541
34 8.261183 5.11185 -16.13516 0 0 0.5437314
35 21.93254 -15.24135 0 0 0 -0.6778312
36 26.77264 3.805277E-06 0 0 0 0
37 5.319719 6.905714E-06 0 0 0 1.086309
38 5.619708 -12.04187 21.408 0 0 1.027052
39 -8.261324 -5.111802 16.13521 0 0 0.5437315
40 -21.9325 15.24135 0 0 0 -0.8661397
41 -26.77271 -1.505669E-05 0 0 0 0
42 -5.319727 4.362404E-06 0 0 0 1.086309
time 97
0 0 202.5606 -187.8432 0.1954533 0 0
1 0 0 -25.42013 -1.570796 -0.05868836 1.570796
2 -0.9664395 0 0 0 0 3.139933
3 13.09551 4.900476 0 0 0 0
4 -3.737144 24.75081 -37.464 0.1131145 0.5399963 2.502349
5 18.19704 -4.701087E-05 0 2.885457E-08 2.081958E-08 -0.9261943
6 27.2952 -0.0001901909 0 1.062861E-07 4.688796E-08 1.484229
7 11.50685 3.721203E-05 0 1.744303E-07 9.767869E-08 0.6816818
8 0 0 0 5.415911E-08 -4.879357E-08 -0.6944906
9 -3.737144 24.75081 37.464 2.786277E-08 0.6008786 -0.9041769
10 -18.19704 4.702087E-05 0 3.23283E-08 2.332598E-08 -0.9261943
11 -27.2952 0.0001902305 0 1.149337E-07 4.903581E-08 1.484229
12 -11.50685 -3.721107E-05 0 1.700898E-07 1.006912E-07 0.6816818
13 0 0 0 -2.709918E-08 -4.684839E-08 -0.6944906
14 12.88968 -17.59745 0 -3.141593 0 0
15 4.812697 0 0 0 0 0.211367
16 9.673795 0 0 0 0 0.211367
17 12.01248 0 0 0 0 0.211367
18 11.89191 0 0 0 -1.570451 0
19 0.9499357 0 0 0 0 0
20 21.44688 0 0 0 0 -0.1731565
21 27.2552 0 0 0 0 0
22 17.80445 10.85627 0 0 0 -0.001792827
23 -2.51837 -7.530342 0 1.570796 0 1.651491
24 8.256622 0.633341 0 0 0 0.4894636
25 103.3853 -29.89403 0 0 0 -0.3162964
26 43.83523 -12.40405 0 0 0 -1.413533
27 -16.4158 -41.94849 0 0 0 0.5673603
28 21.30272 0 0 0 0 0.2329955
29 17.62354 -0.02214819 0 0 0 -0.02610887
30 14.86595 0.04589471 0 0 0 -0.02644965
31 5.81367 -1.631575 -12.01451 -0.3149784 1.064137 -0.2563565
32 5.813787 -1.631573 12.01452 -0.3149785 1.064137 2.885236
33 5.6196 -12.042 -21.408 0 0 -2.114541
34 8.261183 5.11185 -16.13516 0 0 0.5437314
35 21.93254 -15.24135 0 0 0 -0.6778312
36 26.77264 3.805277E-06 0 0 0 0
37 5.319719 6.905714E-06 0 0 0 1.086309
38 5.619708 -12.04187 21.408 0 0 1.027052
39 -8.261324 -5.111802 16.13521 0 0 0.5437315
40 -21.9325 15.24135 0 0 0 -0.8661397
41 -26.77271 -1.505669E-05 0 0 0 0
42 -5.319727 4.362404E-06 0 0 0 1.086309
time 98
0 0 174.9756 -201.6681 0.3245398 0 0
1 0 0 -25.42013 -1.570796 -0.05868836 1.570796
2 -0.9664395 0 0 0 0 3.140183
3 13.09551 4.900476 0 0 0 0
4 -3.737144 24.75081 -37.464 0.1131145 0.5399963 2.502349
5 18.19704 -4.701087E-05 0 2.885457E-08 2.081958E-08 -0.9261943
6 27.2952 -0.0001901909 0 1.062861E-07 4.688796E-08 1.484229
7 11.50685 3.721203E-05 0 1.744303E-07 9.767869E-08 0.6816818
8 0 0 0 5.415911E-08 -4.879357E-08 -0.6944906
9 -3.737144 24.75081 37.464 2.786277E-08 0.6008786 -0.9041769
10 -18.19704 4.702087E-05 0 3.23283E-08 2.332598E-08 -0.9261943
11 -27.2952 0.0001902305 0 1.149337E-07 4.903581E-08 1.484229
12 -11.50685 -3.721107E-05 0 1.700898E-07 1.006912E-07 0.6816818
13 0 0 0 -2.709918E-08 -4.684839E-08 -0.6944906
14 12.88968 -17.59745 0 -3.141593 0 0
15 4.812697 0 0 0 0 0.1970499
16 9.673795 0 0 0 0 0.1970499
17 12.01248 0 0 0 0 0.1970499
18 11.89191 0 0 0 -1.570451 0
19 0.9499357 0 0 0 0 0
20 21.44688 0 0 0 0 -0.1731565
21 27.2552 0 0 0 0 0
22 17.80445 10.85627 0 0 0 -0.0009054786
23 -2.51837 -7.530342 0 1.570796 0 1.651491
24 8.256622 0.633341 0 0 0 0.4972532
25 103.3853 -29.89403 0 0 0 -0.3162964
26 43.83523 -12.40405 0 0 0 -1.413533
27 -16.4158 -41.94849 0 0 0 0.5673603
28 21.30272 0 0 0 0 0.2242446
29 17.62354 -0.02214819 0 0 0 -0.03485974
30 14.86595 0.04589471 0 0 0 -0.03511184
31 5.81367 -1.631575 -12.01451 -0.3149784 1.064137 -0.2563565
32 5.813787 -1.631573 12.01452 -0.3149785 1.064137 2.885236
33 5.6196 -12.042 -21.408 0 0 -2.114541
34 8.261183 5.11185 -16.13516 0 0 0.5437314
35 21.93254 -15.24135 0 0 0 -0.6778312
36 26.77264 3.805277E-06 0 0 0 0
37 5.319719 6.905714E-06 0 0 0 1.086309
38 5.619708 -12.04187 21.408 0 0 1.027052
39 -8.261324 -5.111802 16.13521 0 0 0.5437315
40 -21.9325 15.24135 0 0 0 -0.8661397
41 -26.77271 -1.505669E-05 0 0 0 0
42 -5.319727 4.362404E-06 0 0 0 1.086309
time 99
0 0 160.1222 -215.493 0.4053628 0 0
1 0 0 -25.42013 -1.570796 -0.05868836 1.570796
2 -0.9664395 0 0 0 0 3.140428
3 13.09551 4.900476 0 0 0 0
4 -3.737144 24.75081 -37.464 0.1131145 0.5399963 2.502349
5 18.19704 -4.701087E-05 0 2.885457E-08 2.081958E-08 -0.9261943
6 27.2952 -0.0001901909 0 1.062861E-07 4.688796E-08 1.484229
7 11.50685 3.721203E-05 0 1.744303E-07 9.767869E-08 0.6816818
8 0 0 0 5.415911E-08 -4.879357E-08 -0.6944906
9 -3.737144 24.75081 37.464 2.786277E-08 0.6008786 -0.9041769
10 -18.19704 4.702087E-05 0 3.23283E-08 2.332598E-08 -0.9261943
11 -27.2952 0.0001902305 0 1.149337E-07 4.903581E-08 1.484229
12 -11.50685 -3.721107E-05 0 1.700898E-07 1.006912E-07 0.6816818
13 0 0 0 -2.709918E-08 -4.684839E-08 -0.6944906
14 12.88968 -17.59745 0 -3.141593 0 0
15 4.812697 0 0 0 0 0.1581891
16 9.673795 0 0 0 0 0.1581891
17 12.01248 0 0 0 0 0.1581891
18 11.89191 0 0 0 -1.570451 0
19 0.9499357 0 0 0 0 0
20 21.44688 0 0 0 0 -0.1731565
21 27.2552 0 0 0 0 0
22 17.80445 10.85627 0 0 0 -0.0003621019
23 -2.51837 -7.530342 0 1.570796 0 1.651491
24 8.256622 0.633341 0 0 0 0.5035419
25 103.3853 -29.89403 0 0 0 -0.3162964
26 43.83523 -12.40405 0 0 0 -1.413533
27 -16.4158 -41.94849 0 0 0 0.5673603
28 21.30272 0 0 0 0 0.2158165
29 17.62354 -0.02214819 0 0 0 -0.04328783
30 14.86595 0.04589471 0 0 0 -0.04345453
31 5.81367 -1.631575 -12.01451 -0.3149784 1.064137 -0.2563565
32 5.813787 -1.631573 12.01452 -0.3149785 1.064137 2.885236
33 5.6196 -12.042 -21.408 0 0 -2.114541
34 8.261183 5.11185 -16.13516 0 0 0.5437314
35 21.93254 -15.24135 0 0 0 -0.6778312
36 26.77264 3.805277E-06 0 0 0 0
37 5.319719 6.905714E-06 0 0 0 1.086309
38 5.619708 -12.04187 21.408 0 0 1.027052
39 -8.261324 -5.111802 16.13521 0 0 0.5437315
40 -21.9325 15.24135 0 0 0 -0.8661397
41 -26.77271 -1.505669E-05 0 0 0 0
42 -5.319727 4.362404E-06 0 0 0 1.086309
time 100
0 0 138.0825 -224.9319 0.433325 0 0
1 0 0 -25.42013 -1.570796 -0.05868836 1.570796
2 -0.9664395 0 0 0 0 3.140662
3 13.09551 4.900476 0 0 0 0
4 -3.737144 24.75081 -37.464 0.1131145 0.5399963 2.502349
5 18.19704 -4.701087E-05 0 2.885457E-08 2.081958E-08 -0.9261943
6 27.2952 -0.0001901909 0 1.062861E-07 4.688796E-08 1.484229
7 11.50685 3.721203E-05 0 1.744303E-07 9.767869E-08 0.6816818
8 0 0 0 5.415911E-08 -4.879357E-08 -0.6944906
9 -3.737144 24.75081 37.464 2.786277E-08 0.6008786 -0.9041769
10 -18.19704 4.702087E-05 0 3.23283E-08 2.332598E-08 -0.9261943
11 -27.2952 0.0001902305 0 1.149337E-07 4.903581E-08 1.484229
12 -11.50685 -3.721107E-05 0 1.700898E-07 1.006912E-07 0.6816818
13 0 0 0 -2.709918E-08 -4.684839E-08 -0.6944906
14 12.88968 -17.59745 0 -3.141593 0 0
15 4.812697 0 0 0 0 0.1009206
16 9.673795 0 0 0 0 0.1009206
17 12.01248 0 0 0 0 0.1009206
18 11.89191 0 0 0 -1.570451 0
19 0.9499357 0 0 0 0 0
20 21.44688 0 0 0 0 -0.1731565
21 27.2552 0 0 0 0 0
22 17.80445 10.85627 0 0 0 -0.0001776522
23 -2.51837 -7.530342 0 1.570796 0 1.651491
24 8.256622 0.633341 0 0 0 0.435393
25 103.3853 -29.89403 0 0 0 -0.3162964
26 43.83523 -12.40405 0 0 0 -1.413533
27 -16.4158 -41.94849 0 0 0 0.5673603
28 21.30272 0 0 0 0 0.2078188
29 17.62354 -0.02214819 0 0 0 -0.05128554
30 14.86595 0.04589471 0 0 0 -0.05137119
31 5.81367 -1.631575 -12.01451 -0.3149784 1.064137 -0.2563565
32 5.813787 -1.631573 12.01452 -0.3149785 1.064137 2.885236
33 5.6196 -12.042 -21.408 0 0 -2.114541
34 8.261183 5.11185 -16.13516 0 0 0.5437314
35 21.93254 -15.24135 0 0 0 -0.6778312
36 26.77264 3.805277E-06 0 0 0 0
37 5.319719 6.905714E-06 0 0 0 1.086309
38 5.619708 -12.04187 21.408 0 0 1.027052
39 -8.261324 -5.111802 16.13521 0 0 0.5437315
40 -21.9325 15.24135 0 0 0 -0.8661397
41 -26.77271 -1.505669E-05 0 0 0 0
42 -5.319727 4.362404E-06 0 0 0 1.086309
time 101
0 0 116.6173 -228.7884 0.5233933 0 0
1 0 0 -25.42013 -1.570796 -0.05868836 1.570796
2 -0.9664395 0 0 0 0 3.140882
3 13.09551 4.900476 0 0 0 0
4 -3.737144 24.75081 -37.464 0.1131145 0.5399963 2.502349
5 18.19704 -4.701087E-05 0 2.885457E-08 2.081958E-08 -0.9261943
6 27.2952 -0.0001901909 0 1.062861E-07 4.688796E-08 1.484229
7 11.50685 3.721203E-05 0 1.744303E-07 9.767869E-08 0.6816818
8 0 0 0 5.415911E-08 -4.879357E-08 -0.6944906
9 -3.737144 24.75081 37.464 2.786277E-08 0.6008786 -0.9041769
10 -18.19704 4.702087E-05 0 3.23283E-08 2.332598E-08 -0.9261943
11 -27.2952 0.0001902305 0 1.149337E-07 4.903581E-08 1.484229
12 -11.50685 -3.721107E-05 0 1.700898E-07 1.006912E-07 0.6816818
13 0 0 0 -2.709918E-08 -4.684839E-08 -0.6944906
14 12.88968 -17.59745 0 -3.141593 0 0
15 4.812697 0 0 0 0 0.03138022
16 9.673795 0 0 0 0 0.03138022
17 12.01248 0 0 0 0 0.03138022
18 11.89191 0 0 0 -1.570451 0
19 0.9499357 0 0 0 0 0
20 21.44688 0 0 0 0 -0.1731565
21 27.2552 0 0 0 0 0
22 17.80445 10.85627 0 0 0 -0.009604665
23 -2.51837 -7.530342 0 1.570796 0 1.651491
24 8.256622 0.633341 0 0 0 0.2572238
25 103.3853 -29.89403 0 0 0 -0.3162964
26 43.83523 -12.40405 0 0 0 -1.413533
27 -16.4158 -41.94849 0 0 0 0.5673603
28 21.30272 0 0 0 0 0.200359
29 17.62354 -0.02214819 0 0 0 -0.0587453
30 14.86595 0.04589471 0 0 0 -0.05875535
31 5.81367 -1.631575 -12.01451 -0.3149784 1.064137 -0.2563565
32 5.813787 -1.631573 12.01452 -0.3149785 1.064137 2.885236
33 5.6196 -12.042 -21.408 0 0 -2.114541
34 8.261183 5.11185 -16.13516 0 0 0.5437314
35 21.93254 -15.24135 0 0 0 -0.6778312
36 26.77264 3.805277E-06 0 0 0 0
37 5.319719 6.905714E-06 0 0 0 1.086309
38 5.619708 -12.04187 21.408 0 0 1.027052
39 -8.261324 -5.111802 16.13521 0 0 0.5437315
40 -21.9325 15.24135 0 0 0 -0.8661397
41 -26.77271 -1.505669E-05 0 0 0 0
42 -5.319727 4.362404E-06 0 0 0 1.086309
time 102
0 0 86.3811 -227.2542 0.5233933 0 0
1 0 0 -25.42013 -1.570796 -0.05868836 1.570796
2 -0.9664395 0 0 0 0 3.141082
3 13.09551 4.900476 0 0 0 0
4 -3.737144 24.75081 -37.464 0.1131145 0.5399963 2.502349
5 18.19704 -4.701087E-05 0 2.885457E-08 2.081958E-08 -0.9261943
6 27.2952 -0.0001901909 0 1.062861E-07 4.688796E-08 1.484229
7 11.50685 3.721203E-05 0 1.744303E-07 9.767869E-08 0.6816818
8 0 0 0 5.415911E-08 -4.879357E-08 -0.6944906
9 -3.737144 24.75081 37.464 2.786277E-08 0.6008786 -0.9041769
10 -18.19704 4.702087E-05 0 3.23283E-08 2.332598E-08 -0.9261943
11 -27.2952 0.0001902305 0 1.149337E-07 4.903581E-08 1.484229
12 -11.50685 -3.721107E-05 0 1.700898E-07 1.006912E-07 0.6816818
13 0 0 0 -2.709918E-08 -4.684839E-08 -0.6944906
14 12.88968 -17.59745 0 -3.141593 0 0
15 4.812697 0 0 0 0 -0.04429604
16 9.673795 0 0 0 0 -0.04429604
17 12.01248 0 0 0 0 -0.04429604
18 11.89191 0 0 0 -1.570451 0
19 0.9499357 0 0 0 0 0
20 21.44688 0 0 0 0 -0.1731565
21 27.2552 0 0 0 0 0
22 17.80445 10.85627 0 0 0 -0.01903168
23 -2.51837 -7.530342 0 1.570796 0 1.651491
24 8.256622 0.633341 0 0 0 0.07905456
25 103.3853 -29.89403 0 0 0 -0.3162964
26 43.83523 -12.40405 0 0 0 -1.413533
27 -16.4158 -41.94849 0 0 0 0.5673603
28 21.30272 0 0 0 0 0.1935448
29 17.62354 -0.02214819 0 0 0 -0.06555948
30 14.86595 0.04589471 0 0 0 -0.06550049
31 5.81367 -1.631575 -12.01451 -0.3149784 1.064137 -0.2563565
32 5.813787 -1.631573 12.01452 -0.3149785 1.064137 2.885236
33 5.6196 -12.042 -21.408 0 0 -2.114541
34 8.261183 5.11185 -16.13516 0 0 0.5437314
35 21.93254 -15.24135 0 0 0 -0.6778312
36 26.77264 3.805277E-06 0 0 0 0
37 5.319719 6.905714E-06 0 0 0 1.086309
38 5.619708 -12.04187 21.408 0 0 1.027052
39 -8.261324 -5.111802 16.13521 0 0 0.5437315
40 -21.9325 15.24135 0 0 0 -0.8661397
41 -26.77271 -1.505669E-05 0 0 0 0
42 -5.319727 4.362404E-06 0 0 0 1.086309
time 103
0 0 50.86264 -227.2776 0.5233933 0 0
1 0 0 -25.42013 -1.570796 -0.05868836 1.570796
2 -0.9664395 0 0 0 0 3.141256
3 13.09551 4.900476 0 0 0 0
4 -3.737144 24.75081 -37.464 0.1131145 0.5399963 2.502349
5 18.19704 -4.701087E-05 0 2.885457E-08 2.081958E-08 -0.9261943
6 27.2952 -0.0001901909 0 1.062861E-07 4.688796E-08 1.484229
7 11.50685 3.721203E-05 0 1.744303E-07 9.767869E-08 0.6816818
8 0 0 0 5.415911E-08 -4.879357E-08 -0.6944906
9 -3.737144 24.75081 37.464 2.786277E-08 0.6008786 -0.9041769
10 -18.19704 4.702087E-05 0 3.23283E-08 2.332598E-08 -0.9261943
11 -27.2952 0.0001902305 0 1.149337E-07 4.903581E-08 1.484229
12 -11.50685 -3.721107E-05 0 1.700898E-07 1.006912E-07 0.6816818
13 0 0 0 -2.709918E-08 -4.684839E-08 -0.6944906
14 12.88968 -17.59745 0 -3.141593 0 0
15 4.812697 0 0 0 0 -0.1199723
16 9.673795 0 0 0 0 -0.1199723
17 12.01248 0 0 0 0 -0.1199723
18 11.89191 0 0 0 -1.570451 0
19 0.9499357 0 0 0 0 0
20 21.44688 0 0 0 0 -0.1731565
21 27.2552 0 0 0 0 0
22 17.80445 10.85627 0 0 0 -0.05323068
23 -2.51837 -7.530342 0 1.570796 0 1.651491
24 8.256622 0.633341 0 0 0 -0.08342497
25 103.3853 -29.89403 0 0 0 -0.3162964
26 43.83523 -12.40405 0 0 0 -1.413533
27 -16.4158 -41.94849 0 0 0 0.5673603
28 21.30272 0 0 0 0 0.1874838
29 17.62354 -0.02214819 0 0 0 -0.07162054
30 14.86595 0.04589471 0 0 0 -0.07150012
31 5.81367 -1.631575 -12.01451 -0.3149784 1.064137 -0.2563565
32 5.813787 -1.631573 12.01452 -0.3149785 1.064137 2.885236
33 5.6196 -12.042 -21.408 0 0 -2.114541
34 8.261183 5.11185 -16.13516 0 0 0.5437314
35 21.93254 -15.24135 0 0 0 -0.6778312
36 26.77264 3.805277E-06 0 0 0 0
37 5.319719 6.905714E-06 0 0 0 1.086309
38 5.619708 -12.04187 21.408 0 0 1.027052
39 -8.261324 -5.111802 16.13521 0 0 0.5437315
40 -21.9325 15.24135 0 0 0 -0.8661397
41 -26.77271 -1.505669E-05 0 0 0 0
42 -5.319727 4.362404E-06 0 0 0 1.086309
time 104
0 0 51.12885 -227.3334 0.5233933 0 0
1 0 0 -25.42013 -1.570796 -0.05868836 1.570796
2 -0.9664395 0 0 0 0 3.141401
3 13.09551 4.900476 0 0 0 0
4 -3.737144 24.75081 -37.464 0.1131145 0.5399963 2.502349
5 18.19704 -4.701087E-05 0 2.885457E-08 2.081958E-08 -0.9261943
6 27.2952 -0.0001901909 0 1.062861E-07 4.688796E-08 1.484229
7 11.50685 3.721203E-05 0 1.744303E-07 9.767869E-08 0.6816818
8 0 0 0 5.415911E-08 -4.879357E-08 -0.6944906
9 -3.737144 24.75081 37.464 2.786277E-08 0.6008786 -0.9041769
10 -18.19704 4.702087E-05 0 3.23283E-08 2.332598E-08 -0.9261943
11 -27.2952 0.0001902305 0 1.149337E-07 4.903581E-08 1.484229
12 -11.50685 -3.721107E-05 0 1.700898E-07 1.006912E-07 0.6816818
13 0 0 0 -2.709918E-08 -4.684839E-08 -0.6944906
14 12.88968 -17.59745 0 -3.141593 0 0
15 4.812697 0 0 0 0 -0.1895126
16 9.673795 0 0 0 0 -0.1895126
17 12.01248 0 0 0 0 -0.1895126
18 11.89191 0 0 0 -1.570451 0
19 0.9499357 0 0 0 0 0
20 21.44688 0 0 0 0 -0.1731565
21 27.2552 0 0 0 0 0
22 17.80445 10.85627 0 0 0 -0.1284685
23 -2.51837 -7.530342 0 1.570796 0 1.651491
24 8.256622 0.633341 0 0 0 -0.151574
25 103.3853 -29.89403 0 0 0 -0.3162964
26 43.83523 -12.40405 0 0 0 -1.413533
27 -16.4158 -41.94849 0 0 0 0.5673603
28 21.30272 0 0 0 0 0.1822835
29 17.62354 -0.02214819 0 0 0 -0.07682084
30 14.86595 0.04589471 0 0 0 -0.07664773
31 5.81367 -1.631575 -12.01451 -0.3149784 1.064137 -0.2563565
32 5.813787 -1.631573 12.01452 -0.3149785 1.064137 2.885236
33 5.6196 -12.042 -21.408 0 0 -2.114541
34 8.261183 5.11185 -16.13516 0 0 0.5437314
35 21.93254 -15.24135 0 0 0 -0.6778312
36 26.77264 3.805277E-06 0 0 0 0
37 5.319719 6.905714E-06 0 0 0 1.086309
38 5.619708 -12.04187 21.408 0 0 1.027052
39 -8.261324 -5.111802 16.13521 0 0 0.5437315
40 -21.9325 15.24135 0 0 0 -0.8661397
41 -26.77271 -1.505669E-05 0 0 0 0
42 -5.319727 4.362404E-06 0 0 0 1.086309
time 105
0 0 50.6312 -227.4 0.5233933 0 0
1 0 0 -25.42013 -1.570796 -0.05868836 1.570796
2 -0.9664395 0 0 0 0 3.14151
3 13.09551 4.900476 0 0 0 0
4 -3.737144 24.75081 -37.464 0.1131145 0.5399963 2.502349
5 18.19704 -4.701087E-05 0 2.885457E-08 2.081958E-08 -0.9261943
6 27.2952 -0.0001901909 0 1.062861E-07 4.688796E-08 1.484229
7 11.50685 3.721203E-05 0 1.744303E-07 9.767869E-08 0.6816818
8 0 0 0 5.415911E-08 -4.879357E-08 -0.6944906
9 -3.737144 24.75081 37.464 2.786277E-08 0.6008786 -0.9041769
10 -18.19704 4.702087E-05 0 3.23283E-08 2.332598E-08 -0.9261943
11 -27.2952 0.0001902305 0 1.149337E-07 4.903581E-08 1.484229
12 -11.50685 -3.721107E-05 0 1.700898E-07 1.006912E-07 0.6816818
13 0 0 0 -2.709918E-08 -4.684839E-08 -0.6944906
14 12.88968 -17.59745 0 -3.141593 0 0
15 4.812697 0 0 0 0 -0.2467812
16 9.673795 0 0 0 0 -0.2467812
17 12.01248 0 0 0 0 -0.2467812
18 11.89191 0 0 0 -1.570451 0
19 0.9499357 0 0 0 0 0
20 21.44688 0 0 0 0 -0.1731565
21 27.2552 0 0 0 0 0
22 17.80445 10.85627 0 0 0 -0.2037063
23 -2.51837 -7.530342 0 1.570796 0 1.651491
24 8.256622 0.633341 0 0 0 -0.1508039
25 103.3853 -29.89403 0 0 0 -0.3162964
26 43.83523 -12.40405 0 0 0 -1.413533
27 -16.4158 -41.94849 0 0 0 0.5673603
28 21.30272 0 0 0 0 0.1780515
29 17.62354 -0.02214819 0 0 0 -0.08105281
30 14.86595 0.04589471 0 0 0 -0.08083682
31 5.81367 -1.631575 -12.01451 -0.3149784 1.064137 -0.2563565
32 5.813787 -1.631573 12.01452 -0.3149785 1.064137 2.885236
33 5.6196 -12.042 -21.408 0 0 -2.114541
34 8.261183 5.11185 -16.13516 0 0 0.5437314
35 21.93254 -15.24135 0 0 0 -0.6778312
36 26.77264 3.805277E-06 0 0 0 0
37 5.319719 6.905714E-06 0 0 0 1.086309
38 5.619708 -12.04187 21.408 0 0 1.027052
39 -8.261324 -5.111802 16.13521 0 0 0.5437315
40 -21.9325 15.24135 0 0 0 -0.8661397
41 -26.77271 -1.505669E-05 0 0 0 0
42 -5.319727 4.362404E-06 0 0 0 1.086309
time 106
0 0 49.70697 -227.4559 0.5233933 0 0
1 0 0 -25.42013 -1.570796 -0.05868836 1.570796
2 -0.9664395 0 0 0 0 3.14158
3 13.09551 4.900476 0 0 0 0
4 -3.737144 24.75081 -37.464 0.1131145 0.5399963 2.502349
5 18.19704 -4.701087E-05 0 2.885457E-08 2.081958E-08 -0.9261943
6 27.2952 -0.0001901909 0 1.062861E-07 4.688796E-08 1.484229
7 11.50685 3.721203E-05 0 1.744303E-07 9.767869E-08 0.6816818
8 0 0 0 5.415911E-08 -4.879357E-08 -0.6944906
9 -3.737144 24.75081 37.464 2.786277E-08 0.6008786 -0.9041769
10 -18.19704 4.702087E-05 0 3.23283E-08 2.332598E-08 -0.9261943
11 -27.2952 0.0001902305 0 1.149337E-07 4.903581E-08 1.484229
12 -11.50685 -3.721107E-05 0 1.700898E-07 1.006912E-07 0.6816818
13 0 0 0 -2.709918E-08 -4.684839E-08 -0.6944906
14 12.88968 -17.59745 0 -3.141593 0 0
15 4.812697 0 0 0 0 -0.285642
16 9.673795 0 0 0 0 -0.285642
17 12.01248 0 0 0 0 -0.285642
18 11.89191 0 0 0 -1.570451 0
19 0.9499357 0 0 0 0 0
20 21.44688 0 0 0 0 -0.1731565
21 27.2552 0 0 0 0 0
22 17.80445 10.85627 0 0 0 -0.2379053
23 -2.51837 -7.530342 0 1.570796 0 1.651491
24 8.256622 0.633341 0 0 0 -0.1482643
25 103.3853 -29.89403 0 0 0 -0.3162964
26 43.83523 -12.40405 0 0 0 -1.413533
27 -16.4158 -41.94849 0 0 0 0.5673603
28 21.30272 0 0 0 0 0.1748954
29 17.62354 -0.02214819 0 0 0 -0.08420886
30 14.86595 0.04589471 0 0 0 -0.08396089
31 5.81367 -1.631575 -12.01451 -0.3149784 1.064137 -0.2563565
32 5.813787 -1.631573 12.01452 -0.3149785 1.064137 2.885236
33 5.6196 -12.042 -21.408 0 0 -2.114541
34 8.261183 5.11185 -16.13516 0 0 0.5437314
35 21.93254 -15.24135 0 0 0 -0.6778312
36 26.77264 3.805277E-06 0 0 0 0
37 5.319719 6.905714E-06 0 0 0 1.086309
38 5.619708 -12.04187 21.408 0 0 1.027052
39 -8.261324 -5.111802 16.13521 0 0 0.5437315
40 -21.9325 15.24135 0 0 0 -0.8661397
41 -26.77271 -1.505669E-05 0 0 0 0
42 -5.319727 4.362404E-06 0 0 0 1.086309
time 107
0 0 49.20931 -227.4793 0.5233933 0 0
1 0 0 -25.42013 -1.570796 -0.05868836 1.570796
2 -0.9664395 0 0 0 0 -3.141581
3 13.09551 4.900476 0 0 0 0
4 -3.737144 24.75081 -37.464 0.1131145 0.5399963 2.502349
5 18.19704 -4.701087E-05 0 2.885457E-08 2.081958E-08 -0.9261943
6 27.2952 -0.0001901909 0 1.062861E-07 4.688796E-08 1.484229
7 11.50685 3.721203E-05 0 1.744303E-07 9.767869E-08 0.6816818
8 0 0 0 5.415911E-08 -4.879357E-08 -0.6944906
9 -3.737144 24.75081 37.464 2.786277E-08 0.6008786 -0.9041769
10 -18.19704 4.702087E-05 0 3.23283E-08 2.332598E-08 -0.9261943
11 -27.2952 0.0001902305 0 1.149337E-07 4.903581E-08 1.484229
12 -11.50685 -3.721107E-05 0 1.700898E-07 1.006912E-07 0.6816818
13 0 0 0 -2.709918E-08 -4.684839E-08 -0.6944906
14 12.88968 -17.59745 0 -3.141593 0 0
15 4.812697 0 0 0 0 -0.2999591
16 9.673795 0 0 0 0 -0.2999591
17 12.01248 0 0 0 0 -0.2999591
18 11.89191 0 0 0 -1.570451 0
19 0.9499357 0 0 0 0 0
20 21.44688 0 0 0 0 -0.1731565
21 27.2552 0 0 0 0 0
22 17.80445 10.85627 0 0 0 -0.2294922
23 -2.51837 -7.530342 0 1.570796 0 1.651491
24 8.256622 0.633341 0 0 0 -0.1411944
25 103.3853 -29.89403 0 0 0 -0.3162964
26 43.83523 -12.40405 0 0 0 -1.413533
27 -16.4158 -41.94849 0 0 0 0.5673603
28 21.30272 0 0 0 0 0.1729229
29 17.62354 -0.02214819 0 0 0 -0.0861814
30 14.86595 0.04589471 0 0 0 -0.08591343
31 5.81367 -1.631575 -12.01451 -0.3149784 1.064137 -0.2563565
32 5.813787 -1.631573 12.01452 -0.3149785 1.064137 2.885236
33 5.6196 -12.042 -21.408 0 0 -2.114541
34 8.261183 5.11185 -16.13516 0 0 0.5437314
35 21.93254 -15.24135 0 0 0 -0.6778312
36 26.77264 3.805277E-06 0 0 0 0
37 5.319719 6.905714E-06 0 0 0 1.086309
38 5.619708 -12.04187 21.408 0 0 1.027052
39 -8.261324 -5.111802 16.13521 0 0 0.5437315
40 -21.9325 15.24135 0 0 0 -0.8661397
41 -26.77271 -1.505669E-05 0 0 0 0
42 -5.319727 4.362404E-06 0 0 0 1.086309
time 108
0 0 49.11123 -227.6263 0.5233933 0 0
1 0 0 -25.42013 -1.570796 -0.05868836 1.570796
2 -0.9664395 0 0 0 0 -3.141581
3 13.09551 4.900476 0 0 0 0
4 -3.737144 24.75081 -37.464 0.1131145 0.5399963 2.502349
5 18.19704 -4.701087E-05 0 2.885457E-08 2.081958E-08 -0.9261943
6 27.2952 -0.0001901909 0 1.062861E-07 4.688796E-08 1.484229
7 11.50685 3.721203E-05 0 1.744303E-07 9.767869E-08 0.6816818
8 0 0 0 5.415911E-08 -4.879357E-08 -0.6944906
9 -3.737144 24.75081 37.464 2.786277E-08 0.6008786 -0.9041769
10 -18.19704 4.702087E-05 0 3.23283E-08 2.332598E-08 -0.9261943
11 -27.2952 0.0001902305 0 1.149337E-07 4.903581E-08 1.484229
12 -11.50685 -3.721107E-05 0 1.700898E-07 1.006912E-07 0.6816818
13 0 0 0 -2.709918E-08 -4.684839E-08 -0.6944906
14 12.88968 -17.59745 0 -3.141593 0 0
15 4.812697 0 0 0 0 -0.3026721
16 9.673795 0 0 0 0 -0.3026721
17 12.01248 0 0 0 0 -0.3026721
18 11.89191 0 0 0 -1.570451 0
19 0.9499357 0 0 0 0 0
20 21.44688 0 0 0 0 -0.1731565
21 27.2552 0 0 0 0 0
22 17.80445 10.85627 0 0 0 -0.2109835
23 -2.51837 -7.530342 0 1.570796 0 1.651491
24 8.256622 0.633341 0 0 0 -0.130418
25 103.3853 -29.89403 0 0 0 -0.3162964
26 43.83523 -12.40405 0 0 0 -1.413533
27 -16.4158 -41.94849 0 0 0 0.5673603
28 21.30272 0 0 0 0 0.1722415
29 17.62354 -0.02214819 0 0 0 -0.08686281
30 14.86595 0.04589471 0 0 0 -0.08658794
31 5.81367 -1.631575 -12.01451 -0.3149784 1.064137 -0.2563565
32 5.813787 -1.631573 12.01452 -0.3149785 1.064137 2.885236
33 5.6196 -12.042 -21.408 0 0 -2.114541
34 8.261183 5.11185 -16.13516 0 0 0.5437314
35 21.93254 -15.24135 0 0 0 -0.6778312
36 26.77264 3.805277E-06 0 0 0 0
37 5.319719 6.905714E-06 0 0 0 1.086309
38 5.619708 -12.04187 21.408 0 0 1.027052
39 -8.261324 -5.111802 16.13521 0 0 0.5437315
40 -21.9325 15.24135 0 0 0 -0.8661397
41 -26.77271 -1.505669E-05 0 0 0 0
42 -5.319727 4.362404E-06 0 0 0 1.086309
time 109
0 0 48.92909 -227.8993 0.5233933 0 0
1 0 0 -25.42013 -1.570796 -0.05868836 1.570796
2 -0.9664395 0 0 0 0 -3.141581
3 13.09551 4.900476 0 0 0 0
4 -3.737144 24.75081 -37.464 0.1131145 0.5399963 2.502349
5 18.19704 -4.701087E-05 0 2.885457E-08 2.081958E-08 -0.9261943
6 27.2952 -0.0001901909 0 1.062861E-07 4.688796E-08 1.484229
7 11.50685 3.721203E-05 0 1.744303E-07 9.767869E-08 0.6816818
8 0 0 0 5.415911E-08 -4.879357E-08 -0.6944906
9 -3.737144 24.75081 37.464 2.786277E-08 0.6008786 -0.9041769
10 -18.19704 4.702087E-05 0 3.23283E-08 2.332598E-08 -0.9261943
11 -27.2952 0.0001902305 0 1.149337E-07 4.903581E-08 1.484229
12 -11.50685 -3.721107E-05 0 1.700898E-07 1.006912E-07 0.6816818
13 0 0 0 -2.709918E-08 -4.684839E-08 -0.6944906
14 12.88968 -17.59745 0 -3.141593 0 0
15 4.812697 0 0 0 0 -0.3077105
16 9.673795 0 0 0 0 -0.3077105
17 12.01248 0 0 0 0 -0.3077105
18 11.89191 0 0 0 -1.570451 0
19 0.9499357 0 0 0 0 0
20 21.44688 0 0 0 0 -0.1731565
21 27.2552 0 0 0 0 0
22 17.80445 10.85627 0 0 0 -0.1924747
23 -2.51837 -7.530342 0 1.570796 0 1.651491
24 8.256622 0.633341 0 0 0 -0.1167588
25 103.3853 -29.89403 0 0 0 -0.3162964
26 43.83523 -12.40405 0 0 0 -1.413533
27 -16.4158 -41.94849 0 0 0 0.5673603
28 21.30272 0 0 0 0 0.1722415
29 17.62354 -0.02214819 0 0 0 -0.08686281
30 14.86595 0.04589471 0 0 0 -0.08658794
31 5.81367 -1.631575 -12.01451 -0.3149784 1.064137 -0.2563565
32 5.813787 -1.631573 12.01452 -0.3149785 1.064137 2.885236
33 5.6196 -12.042 -21.408 0 0 -2.114541
34 8.261183 5.11185 -16.13516 0 0 0.5437314
35 21.93254 -15.24135 0 0 0 -0.6778312
36 26.77264 3.805277E-06 0 0 0 0
37 5.319719 6.905714E-06 0 0 0 1.086309
38 5.619708 -12.04187 21.408 0 0 1.027052
39 -8.261324 -5.111802 16.13521 0 0 0.5437315
40 -21.9325 15.24135 0 0 0 -0.8661397
41 -26.77271 -1.505669E-05 0 0 0 0
42 -5.319727 4.362404E-06 0 0 0 1.086309
time 110
0 0 48.83101 -228.0463 0.5233933 0 0
1 0 0 -25.42013 -1.570796 -0.05868836 1.570796
2 -0.9664395 0 0 0 0 -3.141581
3 13.09551 4.900476 0 0 0 0
4 -3.737144 24.75081 -37.464 0.1131145 0.5399963 2.502349
5 18.19704 -4.701087E-05 0 2.885457E-08 2.081958E-08 -0.9261943
6 27.2952 -0.0001901909 0 1.062861E-07 4.688796E-08 1.484229
7 11.50685 3.721203E-05 0 1.744303E-07 9.767869E-08 0.6816818
8 0 0 0 5.415911E-08 -4.879357E-08 -0.6944906
9 -3.737144 24.75081 37.464 2.786277E-08 0.6008786 -0.9041769
10 -18.19704 4.702087E-05 0 3.23283E-08 2.332598E-08 -0.9261943
11 -27.2952 0.0001902305 0 1.149337E-07 4.903581E-08 1.484229
12 -11.50685 -3.721107E-05 0 1.700898E-07 1.006912E-07 0.6816818
13 0 0 0 -2.709918E-08 -4.684839E-08 -0.6944906
14 12.88968 -17.59745 0 -3.141593 0 0
15 4.812697 0 0 0 0 -0.3104235
16 9.673795 0 0 0 0 -0.3104235
17 12.01248 0 0 0 0 -0.3104235
18 11.89191 0 0 0 -1.570451 0
19 0.9499357 0 0 0 0 0
20 21.44688 0 0 0 0 -0.1731565
21 27.2552 0 0 0 0 0
22 17.80445 10.85627 0 0 0 -0.1840616
23 -2.51837 -7.530342 0 1.570796 0 1.651491
24 8.256622 0.633341 0 0 0 -0.1010404
25 103.3853 -29.89403 0 0 0 -0.3162964
26 43.83523 -12.40405 0 0 0 -1.413533
27 -16.4158 -41.94849 0 0 0 0.5673603
28 21.30272 0 0 0 0 0.1722415
29 17.62354 -0.02214819 0 0 0 -0.08686281
30 14.86595 0.04589471 0 0 0 -0.08658794
31 5.81367 -1.631575 -12.01451 -0.3149784 1.064137 -0.2563565
32 5.813787 -1.631573 12.01452 -0.3149785 1.064137 2.885236
33 5.6196 -12.042 -21.408 0 0 -2.114541
34 8.261183 5.11185 -16.13516 0 0 0.5437314
35 21.93254 -15.24135 0 0 0 -0.6778312
36 26.77264 3.805277E-06 0 0 0 0
37 5.319719 6.905714E-06 0 0 0 1.086309
38 5.619708 -12.04187 21.408 0 0 1.027052
39 -8.261324 -5.111802 16.13521 0 0 0.5437315
40 -21.9325 15.24135 0 0 0 -0.8661397
41 -26.77271 -1.505669E-05 0 0 0 0
42 -5.319727 4.362404E-06 0 0 0 1.086309
time 111
0 0 48.80994 -228.2223 0.5233933 0 0
1 0 0 -25.42013 -1.570796 -0.05868836 1.570796
2 -0.9664395 0 0 0 0 -3.141581
3 13.09551 4.900476 0 0 0 0
4 -3.737144 24.75081 -37.464 0.1131145 0.5399963 2.502349
5 18.19704 -4.701087E-05 0 2.885457E-08 2.081958E-08 -0.9261943
6 27.2952 -0.0001901909 0 1.062861E-07 4.688796E-08 1.484229
7 11.50685 3.721203E-05 0 1.744303E-07 9.767869E-08 0.6816818
8 0 0 0 5.415911E-08 -4.879357E-08 -0.6944906
9 -3.737144 24.75081 37.464 2.786277E-08 0.6008786 -0.9041769
10 -18.19704 4.702087E-05 0 3.23283E-08 2.332598E-08 -0.9261943
11 -27.2952 0.0001902305 0 1.149337E-07 4.903581E-08 1.484229
12 -11.50685 -3.721107E-05 0 1.700898E-07 1.006912E-07 0.6816818
13 0 0 0 -2.709918E-08 -4.684839E-08 -0.6944906
14 12.88968 -17.59745 0 -3.141593 0 0
15 4.812697 0 0 0 0 -0.3104235
16 9.673795 0 0 0 0 -0.3104235
17 12.01248 0 0 0 0 -0.3104235
18 11.89191 0 0 0 -1.570451 0
19 0.9499357 0 0 0 0 0
20 21.44688 0 0 0 0 -0.1731565
21 27.2552 0 0 0 0 0
22 17.80445 10.85627 0 0 0 -0.1641779
23 -2.51837 -7.530342 0 1.570796 0 1.651491
24 8.256622 0.633341 0 0 0 -0.08408653
25 103.3853 -29.89403 0 0 0 -0.3162964
26 43.83523 -12.40405 0 0 0 -1.413533
27 -16.4158 -41.94849 0 0 0 0.5673603
28 21.30272 0 0 0 0 0.1722415
29 17.62354 -0.02214819 0 0 0 -0.08686281
30 14.86595 0.04589471 0 0 0 -0.08658794
31 5.81367 -1.631575 -12.01451 -0.3149784 1.064137 -0.2563565
32 5.813787 -1.631573 12.01452 -0.3149785 1.064137 2.885236
33 5.6196 -12.042 -21.408 0 0 -2.114541
34 8.261183 5.11185 -16.13516 0 0 0.5437314
35 21.93254 -15.24135 0 0 0 -0.6778312
36 26.77264 3.805277E-06 0 0 0 0
37 5.319719 6.905714E-06 0 0 0 1.086309
38 5.619708 -12.04187 21.408 0 0 1.027052
39 -8.261324 -5.111802 16.13521 0 0 0.5437315
40 -21.9325 15.24135 0 0 0 -0.8661397
41 -26.77271 -1.505669E-05 0 0 0 0
42 -5.319727 4.362404E-06 0 0 0 1.086309
time 112
0 0 48.75439 -228.6761 0.5233933 0 0
1 0 0 -25.42013 -1.570796 -0.05868836 1.570796
2 -0.9664395 0 0 0 0 -3.141581
3 13.09551 4.900476 0 0 0 0
4 -3.737144 24.75081 -37.464 0.1131145 0.5399963 2.502349
5 18.19704 -4.701087E-05 0 2.885457E-08 2.081958E-08 -0.9261943
6 27.2952 -0.0001901909 0 1.062861E-07 4.688796E-08 1.484229
7 11.50685 3.721203E-05 0 1.744303E-07 9.767869E-08 0.6816818
8 0 0 0 5.415911E-08 -4.879357E-08 -0.6944906
9 -3.737144 24.75081 37.464 2.786277E-08 0.6008786 -0.9041769
10 -18.19704 4.702087E-05 0 3.23283E-08 2.332598E-08 -0.9261943
11 -27.2952 0.0001902305 0 1.149337E-07 4.903581E-08 1.484229
12 -11.50685 -3.721107E-05 0 1.700898E-07 1.006912E-07 0.6816818
13 0 0 0 -2.709918E-08 -4.684839E-08 -0.6944906
14 12.88968 -17.59745 0 -3.141593 0 0
15 4.812697 0 0 0 0 -0.3104235
16 9.673795 0 0 0 0 -0.3104235
17 12.01248 0 0 0 0 -0.3104235
18 11.89191 0 0 0 -1.570451 0
19 0.9499357 0 0 0 0 0
20 21.44688 0 0 0 0 -0.1731565
21 27.2552 0 0 0 0 0
22 17.80445 10.85627 0 0 0 -0.1128989
23 -2.51837 -7.530342 0 1.570796 0 1.651491
24 8.256622 0.633341 0 0 0 -0.06672079
25 103.3853 -29.89403 0 0 0 -0.3162964
26 43.83523 -12.40405 0 0 0 -1.413533
27 -16.4158 -41.94849 0 0 0 0.5673603
28 21.30272 0 0 0 0 0.1722415
29 17.62354 -0.02214819 0 0 0 -0.08686281
30 14.86595 0.04589471 0 0 0 -0.08658794
31 5.81367 -1.631575 -12.01451 -0.3149784 1.064137 -0.2563565
32 5.813787 -1.631573 12.01452 -0.3149785 1.064137 2.885236
33 5.6196 -12.042 -21.408 0 0 -2.114541
34 8.261183 5.11185 -16.13516 0 0 0.5437314
35 21.93254 -15.24135 0 0 0 -0.6778312
36 26.77264 3.805277E-06 0 0 0 0
37 5.319719 6.905714E-06 0 0 0 1.086309
38 5.619708 -12.04187 21.408 0 0 1.027052
39 -8.261324 -5.111802 16.13521 0 0 0.5437315
40 -21.9325 15.24135 0 0 0 -0.8661397
41 -26.77271 -1.505669E-05 0 0 0 0
42 -5.319727 4.362404E-06 0 0 0 1.086309
time 113
0 0 48.67585 -229.2967 0.5233933 0 0
1 0 0 -25.42013 -1.570796 -0.05868836 1.570796
2 -0.9664395 0 0 0 0 -3.141581
3 13.09551 4.900476 0 0 0 0
4 -3.737144 24.75081 -37.464 0.1131145 0.5399963 2.502349
5 18.19704 -4.701087E-05 0 2.885457E-08 2.081958E-08 -0.9261943
6 27.2952 -0.0001901909 0 1.062861E-07 4.688796E-08 1.484229
7 11.50685 3.721203E-05 0 1.744303E-07 9.767869E-08 0.6816818
8 0 0 0 5.415911E-08 -4.879357E-08 -0.6944906
9 -3.737144 24.75081 37.464 2.786277E-08 0.6008786 -0.9041769
10 -18.19704 4.702087E-05 0 3.23283E-08 2.332598E-08 -0.9261943
11 -27.2952 0.0001902305 0 1.149337E-07 4.903581E-08 1.484229
12 -11.50685 -3.721107E-05 0 1.700898E-07 1.006912E-07 0.6816818
13 0 0 0 -2.709918E-08 -4.684839E-08 -0.6944906
14 12.88968 -17.59745 0 -3.141593 0 0
15 4.812697 0 0 0 0 -0.3104235
16 9.673795 0 0 0 0 -0.3104235
17 12.01248 0 0 0 0 -0.3104235
18 11.89191 0 0 0 -1.570451 0
19 0.9499357 0 0 0 0 0
20 21.44688 0 0 0 0 -0.1731565
21 27.2552 0 0 0 0 0
22 17.80445 10.85627 0 0 0 -0.04278263
23 -2.51837 -7.530342 0 1.570796 0 1.651491
24 8.256622 0.633341 0 0 0 -0.04976689
25 103.3853 -29.89403 0 0 0 -0.3162964
26 43.83523 -12.40405 0 0 0 -1.413533
27 -16.4158 -41.94849 0 0 0 0.5673603
28 21.30272 0 0 0 0 0.1722415
29 17.62354 -0.02214819 0 0 0 -0.08686281
30 14.86595 0.04589471 0 0 0 -0.08658794
31 5.81367 -1.631575 -12.01451 -0.3149784 1.064137 -0.2563565
32 5.813787 -1.631573 12.01452 -0.3149785 1.064137 2.885236
33 5.6196 -12.042 -21.408 0 0 -2.114541
34 8.261183 5.11185 -16.13516 0 0 0.5437314
35 21.93254 -15.24135 0 0 0 -0.6778312
36 26.77264 3.805277E-06 0 0 0 0
37 5.319719 6.905714E-06 0 0 0 1.086309
38 5.619708 -12.04187 21.408 0 0 1.027052
39 -8.261324 -5.111802 16.13521 0 0 0.5437315
40 -21.9325 15.24135 0 0 0 -0.8661397
41 -26.77271 -1.505669E-05 0 0 0 0
42 -5.319727 4.362404E-06 0 0 0 1.086309
time 114
0 0 48.58582 -229.9728 0.5233933 0 0
1 0 0 -25.42013 -1.570796 -0.05868836 1.570796
2 -0.9664395 0 0 0 0 -3.141581
3 13.09551 4.900476 0 0 0 0
4 -3.737144 24.75081 -37.464 0.1131145 0.5399963 2.502349
5 18.19704 -4.701087E-05 0 2.885457E-08 2.081958E-08 -0.9261943
6 27.2952 -0.0001901909 0 1.062861E-07 4.688796E-08 1.484229
7 11.50685 3.721203E-05 0 1.744303E-07 9.767869E-08 0.6816818
8 0 0 0 5.415911E-08 -4.879357E-08 -0.6944906
9 -3.737144 24.75081 37.464 2.786277E-08 0.6008786 -0.9041769
10 -18.19704 4.702087E-05 0 3.23283E-08 2.332598E-08 -0.9261943
11 -27.2952 0.0001902305 0 1.149337E-07 4.903581E-08 1.484229
12 -11.50685 -3.721107E-05 0 1.700898E-07 1.006912E-07 0.6816818
13 0 0 0 -2.709918E-08 -4.684839E-08 -0.6944906
14 12.88968 -17.59745 0 -3.141593 0 0
15 4.812697 0 0 0 0 -0.3104235
16 9.673795 0 0 0 0 -0.3104235
17 12.01248 0 0 0 0 -0.3104235
18 11.89191 0 0 0 -1.570451 0
19 0.9499357 0 0 0 0 0
20 21.44688 0 0 0 0 -0.1731565
21 27.2552 0 0 0 0 0
22 17.80445 10.85627 0 0 0 0.03361266
23 -2.51837 -7.530342 0 1.570796 0 1.651491
24 8.256622 0.633341 0 0 0 -0.0340485
25 103.3853 -29.89403 0 0 0 -0.3162964
26 43.83523 -12.40405 0 0 0 -1.413533
27 -16.4158 -41.94849 0 0 0 0.5673603
28 21.30272 0 0 0 0 0.1722415
29 17.62354 -0.02214819 0 0 0 -0.08686281
30 14.86595 0.04589471 0 0 0 -0.08658794
31 5.81367 -1.631575 -12.01451 -0.3149784 1.064137 -0.2563565
32 5.813787 -1.631573 12.01452 -0.3149785 1.064137 2.885236
33 5.6196 -12.042 -21.408 0 0 -2.114541
34 8.261183 5.11185 -16.13516 0 0 0.5437314
35 21.93254 -15.24135 0 0 0 -0.6778312
36 26.77264 3.805277E-06 0 0 0 0
37 5.319719 6.905714E-06 0 0 0 1.086309
38 5.619708 -12.04187 21.408 0 0 1.027052
39 -8.261324 -5.111802 16.13521 0 0 0.5437315
40 -21.9325 15.24135 0 0 0 -0.8661397
41 -26.77271 -1.505669E-05 0 0 0 0
42 -5.319727 4.362404E-06 0 0 0 1.086309
time 115
0 0 48.49578 -230.5934 0.5233933 0 0
1 0 0 -25.42013 -1.570796 -0.05868836 1.570796
2 -0.9664395 0 0 0 0 -3.141581
3 13.09551 4.900476 0 0 0 0
4 -3.737144 24.75081 -37.464 0.1131145 0.5399963 2.502349
5 18.19704 -4.701087E-05 0 2.885457E-08 2.081958E-08 -0.9261943
6 27.2952 -0.0001901909 0 1.062861E-07 4.688796E-08 1.484229
7 11.50685 3.721203E-05 0 1.744303E-07 9.767869E-08 0.6816818
8 0 0 0 5.415911E-08 -4.879357E-08 -0.6944906
9 -3.737144 24.75081 37.464 2.786277E-08 0.6008786 -0.9041769
10 -18.19704 4.702087E-05 0 3.23283E-08 2.332598E-08 -0.9261943
11 -27.2952 0.0001902305 0 1.149337E-07 4.903581E-08 1.484229
12 -11.50685 -3.721107E-05 0 1.700898E-07 1.006912E-07 0.6816818
13 0 0 0 -2.709918E-08 -4.684839E-08 -0.6944906
14 12.88968 -17.59745 0 -3.141593 0 0
15 4.812697 0 0 0 0 -0.3104235
16 9.673795 0 0 0 0 -0.3104235
17 12.01248 0 0 0 0 -0.3104235
18 11.89191 0 0 0 -1.570451 0
19 0.9499357 0 0 0 0 0
20 21.44688 0 0 0 0 -0.1731565
21 27.2552 0 0 0 0 0
22 17.80445 10.85627 0 0 0 0.1037289
23 -2.51837 -7.530342 0 1.570796 0 1.651491
24 8.256622 0.633341 0 0 0 -0.02038928
25 103.3853 -29.89403 0 0 0 -0.3162964
26 43.83523 -12.40405 0 0 0 -1.413533
27 -16.4158 -41.94849 0 0 0 0.5673603
28 21.30272 0 0 0 0 0.1722415
29 17.62354 -0.02214819 0 0 0 -0.08686281
30 14.86595 0.04589471 0 0 0 -0.08658794
31 5.81367 -1.631575 -12.01451 -0.3149784 1.064137 -0.2563565
32 5.813787 -1.631573 12.01452 -0.3149785 1.064137 2.885236
33 5.6196 -12.042 -21.408 0 0 -2.114541
34 8.261183 5.11185 -16.13516 0 0 0.5437314
35 21.93254 -15.24135 0 0 0 -0.6778312
36 26.77264 3.805277E-06 0 0 0 0
37 5.319719 6.905714E-06 0 0 0 1.086309
38 5.619708 -12.04187 21.408 0 0 1.027052
39 -8.261324 -5.111802 16.13521 0 0 0.5437315
40 -21.9325 15.24135 0 0 0 -0.8661397
41 -26.77271 -1.505669E-05 0 0 0 0
42 -5.319727 4.362404E-06 0 0 0 1.086309
time 116
0 0 48.41724 -231.0472 0.5233933 0 0
1 0 0 -25.42013 -1.570796 -0.05868836 1.570796
2 -0.9664395 0 0 0 0 -3.141581
3 13.09551 4.900476 0 0 0 0
4 -3.737144 24.75081 -37.464 0.1131145 0.5399963 2.502349
5 18.19704 -4.701087E-05 0 2.885457E-08 2.081958E-08 -0.9261943
6 27.2952 -0.0001901909 0 1.062861E-07 4.688796E-08 1.484229
7 11.50685 3.721203E-05 0 1.744303E-07 9.767869E-08 0.6816818
8 0 0 0 5.415911E-08 -4.879357E-08 -0.6944906
9 -3.737144 24.75081 37.464 2.786277E-08 0.6008786 -0.9041769
10 -18.19704 4.702087E-05 0 3.23283E-08 2.332598E-08 -0.9261943
11 -27.2952 0.0001902305 0 1.149337E-07 4.903581E-08 1.484229
12 -11.50685 -3.721107E-05 0 1.700898E-07 1.006912E-07 0.6816818
13 0 0 0 -2.709918E-08 -4.684839E-08 -0.6944906
14 12.88968 -17.59745 0 -3.141593 0 0
15 4.812697 0 0 0 0 -0.3104235
16 9.673795 0 0 0 0 -0.3104235
17 12.01248 0 0 0 0 -0.3104235
18 11.89191 0 0 0 -1.570451 0
19 0.9499357 0 0 0 0 0
20 21.44688 0 0 0 0 -0.1731565
21 27.2552 0 0 0 0 0
22 17.80445 10.85627 0 0 0 0.1550079
23 -2.51837 -7.530342 0 1.570796 0 1.651491
24 8.256622 0.633341 0 0 0 -0.009612912
25 103.3853 -29.89403 0 0 0 -0.3162964
26 43.83523 -12.40405 0 0 0 -1.413533
27 -16.4158 -41.94849 0 0 0 0.5673603
28 21.30272 0 0 0 0 0.1722415
29 17.62354 -0.02214819 0 0 0 -0.08686281
30 14.86595 0.04589471 0 0 0 -0.08658794
31 5.81367 -1.631575 -12.01451 -0.3149784 1.064137 -0.2563565
32 5.813787 -1.631573 12.01452 -0.3149785 1.064137 2.885236
33 5.6196 -12.042 -21.408 0 0 -2.114541
34 8.261183 5.11185 -16.13516 0 0 0.5437314
35 21.93254 -15.24135 0 0 0 -0.6778312
36 26.77264 3.805277E-06 0 0 0 0
37 5.319719 6.905714E-06 0 0 0 1.086309
38 5.619708 -12.04187 21.408 0 0 1.027052
39 -8.261324 -5.111802 16.13521 0 0 0.5437315
40 -21.9325 15.24135 0 0 0 -0.8661397
41 -26.77271 -1.505669E-05 0 0 0 0
42 -5.319727 4.362404E-06 0 0 0 1.086309
time 117
0 0 48.36169 -231.2232 0.5233933 0 0
1 0 0 -25.42013 -1.570796 -0.05868836 1.570796
2 -0.9664395 0 0 0 0 -3.141581
3 13.09551 4.900476 0 0 0 0
4 -3.737144 24.75081 -37.464 0.1131145 0.5399963 2.502349
5 18.19704 -4.701087E-05 0 2.885457E-08 2.081958E-08 -0.9261943
6 27.2952 -0.0001901909 0 1.062861E-07 4.688796E-08 1.484229
7 11.50685 3.721203E-05 0 1.744303E-07 9.767869E-08 0.6816818
8 0 0 0 5.415911E-08 -4.879357E-08 -0.6944906
9 -3.737144 24.75081 37.464 2.786277E-08 0.6008786 -0.9041769
10 -18.19704 4.702087E-05 0 3.23283E-08 2.332598E-08 -0.9261943
11 -27.2952 0.0001902305 0 1.149337E-07 4.903581E-08 1.484229
12 -11.50685 -3.721107E-05 0 1.700898E-07 1.006912E-07 0.6816818
13 0 0 0 -2.709918E-08 -4.684839E-08 -0.6944906
14 12.88968 -17.59745 0 -3.141593 0 0
15 4.812697 0 0 0 0 -0.3104235
16 9.673795 0 0 0 0 -0.3104235
17 12.01248 0 0 0 0 -0.3104235
18 11.89191 0 0 0 -1.570451 0
19 0.9499357 0 0 0 0 0
20 21.44688 0 0 0 0 -0.1731565
21 27.2552 0 0 0 0 0
22 17.80445 10.85627 0 0 0 0.1748916
23 -2.51837 -7.530342 0 1.570796 0 1.651491
24 8.256622 0.633341 0 0 0 -0.002543062
25 103.3853 -29.89403 0 0 0 -0.3162964
26 43.83523 -12.40405 0 0 0 -1.413533
27 -16.4158 -41.94849 0 0 0 0.5673603
28 21.30272 0 0 0 0 0.1722415
29 17.62354 -0.02214819 0 0 0 -0.08686281
30 14.86595 0.04589471 0 0 0 -0.08658794
31 5.81367 -1.631575 -12.01451 -0.3149784 1.064137 -0.2563565
32 5.813787 -1.631573 12.01452 -0.3149785 1.064137 2.885236
33 5.6196 -12.042 -21.408 0 0 -2.114541
34 8.261183 5.11185 -16.13516 0 0 0.5437314
35 21.93254 -15.24135 0 0 0 -0.6778312
36 26.77264 3.805277E-06 0 0 0 0
37 5.319719 6.905714E-06 0 0 0 1.086309
38 5.619708 -12.04187 21.408 0 0 1.027052
39 -8.261324 -5.111802 16.13521 0 0 0.5437315
40 -21.9325 15.24135 0 0 0 -0.8661397
41 -26.77271 -1.505669E-05 0 0 0 0
42 -5.319727 4.362404E-06 0 0 0 1.086309
time 118
0 0 -84.14954 -0.04835034 0 0 0
1 0 0 -25.42013 -1.570796 -0.05868836 1.570796
2 -0.9664395 0 0 0 0 2.741616
3 13.09551 4.900476 0 0 0 0
4 -3.737144 24.75081 -37.464 0.1131145 0.5399963 2.502349
5 18.19704 -4.701087E-05 0 2.885457E-08 2.081958E-08 -1.646051
6 27.2952 -0.0001901909 0 1.062861E-07 4.688796E-08 1.484229
7 11.50685 3.721203E-05 0 1.744303E-07 9.767869E-08 0.6816818
8 0 0 0 5.415911E-08 -4.879357E-08 -0.6944906
9 -3.737144 24.75081 37.464 2.786277E-08 0.6008786 -0.9041769
10 -18.19704 4.702087E-05 0 3.232829E-08 2.332598E-08 -1.646051
11 -27.2952 0.0001902305 0 1.149337E-07 4.903581E-08 1.484229
12 -11.50685 -3.721107E-05 0 1.700898E-07 1.006912E-07 0.6816818
13 0 0 0 -2.709918E-08 -4.684839E-08 -0.6944906
14 12.88968 -17.59745 0 -3.141593 0 0
15 4.812697 0 0 0 0 -0.00695202
16 9.673795 0 0 0 0 -0.00695202
17 12.01248 0 0 0 0 -0.00695202
18 11.89191 0 0 0 -1.570451 0
19 0.9499357 0 0 0 0 0
20 21.44688 0 0 0 0 0.319961
21 27.2552 0 0 0 0 0
22 17.80445 10.85627 0 0 0 -0.1559638
23 -2.51837 -7.530342 0 1.570796 0 1.651491
24 8.256622 0.633341 0 0 0 0
25 103.3853 -29.89403 0 0 0 -0.3162964
26 43.83523 -12.40405 0 0 0 -1.325413
27 -16.4158 -41.94849 0 0 0 0.5673603
28 21.30272 0 0 0 0 0.1734579
29 17.62354 -0.02214819 0 0 0 -0.08564638
30 14.86595 0.04589471 0 0 0 -0.08564638
31 5.81367 -1.631575 -12.01451 -0.3149784 1.064137 -0.2563565
32 5.813787 -1.631573 12.01452 -0.3149785 1.064137 2.885236
33 5.6196 -12.042 -21.408 0 0 -2.114541
34 8.261183 5.11185 -16.13516 0 0 0.6851054
35 21.93254 -15.24135 0 0 0 0.1413609
36 26.77264 3.805277E-06 0 0 0 0
37 5.319719 6.905714E-06 0 0 0 1.086309
38 5.619708 -12.04187 21.408 0 0 1.027052
39 -8.261324 -5.111802 16.13521 0 0 1.008198
40 -21.9325 15.24135 0 0 0 0.4644537
41 -26.77271 -1.505669E-05 0 0 0 0
42 -5.319727 4.362404E-06 0 0 0 1.086309
end
